stage,field,numerator,denominator,value,planned_reference_questions,unknown_excluded,reference_states
automatic,analysis,34,48,0.7083333333333334,48,0,"{""source_provided"": 15, ""known_missing"": 33}"
automatic,assets,0,48,0.0,48,0,"{""source_provided"": 48}"
automatic,content,6,48,0.125,48,0,"{""source_provided"": 48}"
automatic,knowledge_points,13,48,0.2708333333333333,48,0,"{""known_missing"": 33, ""source_provided"": 15}"
automatic,options,39,48,0.8125,48,0,"{""source_provided"": 30, ""not_applicable"": 18}"
automatic,order_index,43,48,0.8958333333333334,48,0,"{""source_provided"": 48}"
automatic,question_number,43,48,0.8958333333333334,48,0,"{""source_provided"": 48}"
automatic,question_type,40,45,0.8888888888888888,48,3,"{""source_provided"": 45, ""unknown"": 3}"
automatic,reference_answer,43,48,0.8958333333333334,48,0,"{""source_provided"": 15, ""known_missing"": 33}"
automatic,score,43,48,0.8958333333333334,48,0,"{""source_provided"": 48}"
automatic,scoring_rubric,30,48,0.625,48,0,"{""known_missing"": 30, ""source_provided"": 18}"
automatic,source_page_numbers,43,48,0.8958333333333334,48,0,"{""source_provided"": 48}"
automatic,source_regions,0,0,,48,48,"{""unknown"": 48}"
assisted_corrected,analysis,45,48,0.9375,48,0,"{""source_provided"": 15, ""known_missing"": 33}"
assisted_corrected,assets,14,48,0.2916666666666667,48,0,"{""source_provided"": 48}"
assisted_corrected,content,45,48,0.9375,48,0,"{""source_provided"": 48}"
assisted_corrected,knowledge_points,45,48,0.9375,48,0,"{""known_missing"": 33, ""source_provided"": 15}"
assisted_corrected,options,45,48,0.9375,48,0,"{""source_provided"": 30, ""not_applicable"": 18}"
assisted_corrected,order_index,45,48,0.9375,48,0,"{""source_provided"": 48}"
assisted_corrected,question_number,45,48,0.9375,48,0,"{""source_provided"": 48}"
assisted_corrected,question_type,42,45,0.9333333333333333,48,3,"{""source_provided"": 45, ""unknown"": 3}"
assisted_corrected,reference_answer,45,48,0.9375,48,0,"{""source_provided"": 15, ""known_missing"": 33}"
assisted_corrected,score,45,48,0.9375,48,0,"{""source_provided"": 48}"
assisted_corrected,scoring_rubric,45,48,0.9375,48,0,"{""known_missing"": 30, ""source_provided"": 18}"
assisted_corrected,source_page_numbers,45,48,0.9375,48,0,"{""source_provided"": 48}"
assisted_corrected,source_regions,0,0,,48,48,"{""unknown"": 48}"
