run_id,case_id,repeat_index,stage,metric,unit,numerator,denominator,value,status,reason
t160-quality-20261007T013645Z-cd518eac-01-IMP-TEXT-r1,IMP-TEXT,1,automatic,question_number_assisted_reference_match,ratio,3,3,1.0,observed_reference_comparison,user-confirmed AI-assisted reference; independent teacher denominator 0
t160-quality-20261007T013645Z-cd518eac-01-IMP-TEXT-r1,IMP-TEXT,1,automatic,order_index_assisted_reference_match,ratio,3,3,1.0,observed_reference_comparison,user-confirmed AI-assisted reference; independent teacher denominator 0
t160-quality-20261007T013645Z-cd518eac-01-IMP-TEXT-r1,IMP-TEXT,1,automatic,source_page_numbers_assisted_reference_match,ratio,3,3,1.0,observed_reference_comparison,user-confirmed AI-assisted reference; independent teacher denominator 0
t160-quality-20261007T013645Z-cd518eac-01-IMP-TEXT-r1,IMP-TEXT,1,automatic,question_type_assisted_reference_match,ratio,3,3,1.0,observed_reference_comparison,user-confirmed AI-assisted reference; independent teacher denominator 0
t160-quality-20261007T013645Z-cd518eac-01-IMP-TEXT-r1,IMP-TEXT,1,automatic,content_assisted_reference_match,ratio,3,3,1.0,observed_reference_comparison,user-confirmed AI-assisted reference; independent teacher denominator 0
t160-quality-20261007T013645Z-cd518eac-01-IMP-TEXT-r1,IMP-TEXT,1,automatic,options_assisted_reference_match,ratio,3,3,1.0,observed_reference_comparison,user-confirmed AI-assisted reference; independent teacher denominator 0
t160-quality-20261007T013645Z-cd518eac-01-IMP-TEXT-r1,IMP-TEXT,1,automatic,reference_answer_assisted_reference_match,ratio,3,3,1.0,observed_reference_comparison,user-confirmed AI-assisted reference; independent teacher denominator 0
t160-quality-20261007T013645Z-cd518eac-01-IMP-TEXT-r1,IMP-TEXT,1,automatic,analysis_assisted_reference_match,ratio,3,3,1.0,observed_reference_comparison,user-confirmed AI-assisted reference; independent teacher denominator 0
t160-quality-20261007T013645Z-cd518eac-01-IMP-TEXT-r1,IMP-TEXT,1,automatic,score_assisted_reference_match,ratio,3,3,1.0,observed_reference_comparison,user-confirmed AI-assisted reference; independent teacher denominator 0
t160-quality-20261007T013645Z-cd518eac-01-IMP-TEXT-r1,IMP-TEXT,1,automatic,scoring_rubric_assisted_reference_match,ratio,3,3,1.0,observed_reference_comparison,user-confirmed AI-assisted reference; independent teacher denominator 0
t160-quality-20261007T013645Z-cd518eac-01-IMP-TEXT-r1,IMP-TEXT,1,automatic,knowledge_points_assisted_reference_match,ratio,3,3,1.0,observed_reference_comparison,user-confirmed AI-assisted reference; independent teacher denominator 0
t160-quality-20261007T013645Z-cd518eac-01-IMP-TEXT-r1,IMP-TEXT,1,automatic,source_regions_assisted_reference_match,ratio,0,0,,no_evaluable_reference,user-confirmed AI-assisted reference; independent teacher denominator 0
t160-quality-20261007T013645Z-cd518eac-01-IMP-TEXT-r1,IMP-TEXT,1,automatic,assets_assisted_reference_match,ratio,0,3,0.0,observed_reference_comparison,user-confirmed AI-assisted reference; independent teacher denominator 0
t160-quality-20261007T013645Z-cd518eac-01-IMP-TEXT-r1,IMP-TEXT,1,assisted_corrected,question_number_assisted_reference_match,ratio,3,3,1.0,observed_reference_comparison,user-confirmed AI-assisted reference; independent teacher denominator 0
t160-quality-20261007T013645Z-cd518eac-01-IMP-TEXT-r1,IMP-TEXT,1,assisted_corrected,order_index_assisted_reference_match,ratio,3,3,1.0,observed_reference_comparison,user-confirmed AI-assisted reference; independent teacher denominator 0
t160-quality-20261007T013645Z-cd518eac-01-IMP-TEXT-r1,IMP-TEXT,1,assisted_corrected,source_page_numbers_assisted_reference_match,ratio,3,3,1.0,observed_reference_comparison,user-confirmed AI-assisted reference; independent teacher denominator 0
t160-quality-20261007T013645Z-cd518eac-01-IMP-TEXT-r1,IMP-TEXT,1,assisted_corrected,question_type_assisted_reference_match,ratio,3,3,1.0,observed_reference_comparison,user-confirmed AI-assisted reference; independent teacher denominator 0
t160-quality-20261007T013645Z-cd518eac-01-IMP-TEXT-r1,IMP-TEXT,1,assisted_corrected,content_assisted_reference_match,ratio,3,3,1.0,observed_reference_comparison,user-confirmed AI-assisted reference; independent teacher denominator 0
t160-quality-20261007T013645Z-cd518eac-01-IMP-TEXT-r1,IMP-TEXT,1,assisted_corrected,options_assisted_reference_match,ratio,3,3,1.0,observed_reference_comparison,user-confirmed AI-assisted reference; independent teacher denominator 0
t160-quality-20261007T013645Z-cd518eac-01-IMP-TEXT-r1,IMP-TEXT,1,assisted_corrected,reference_answer_assisted_reference_match,ratio,3,3,1.0,observed_reference_comparison,user-confirmed AI-assisted reference; independent teacher denominator 0
t160-quality-20261007T013645Z-cd518eac-01-IMP-TEXT-r1,IMP-TEXT,1,assisted_corrected,analysis_assisted_reference_match,ratio,3,3,1.0,observed_reference_comparison,user-confirmed AI-assisted reference; independent teacher denominator 0
t160-quality-20261007T013645Z-cd518eac-01-IMP-TEXT-r1,IMP-TEXT,1,assisted_corrected,score_assisted_reference_match,ratio,3,3,1.0,observed_reference_comparison,user-confirmed AI-assisted reference; independent teacher denominator 0
t160-quality-20261007T013645Z-cd518eac-01-IMP-TEXT-r1,IMP-TEXT,1,assisted_corrected,scoring_rubric_assisted_reference_match,ratio,3,3,1.0,observed_reference_comparison,user-confirmed AI-assisted reference; independent teacher denominator 0
t160-quality-20261007T013645Z-cd518eac-01-IMP-TEXT-r1,IMP-TEXT,1,assisted_corrected,knowledge_points_assisted_reference_match,ratio,3,3,1.0,observed_reference_comparison,user-confirmed AI-assisted reference; independent teacher denominator 0
t160-quality-20261007T013645Z-cd518eac-01-IMP-TEXT-r1,IMP-TEXT,1,assisted_corrected,source_regions_assisted_reference_match,ratio,0,0,,no_evaluable_reference,user-confirmed AI-assisted reference; independent teacher denominator 0
t160-quality-20261007T013645Z-cd518eac-01-IMP-TEXT-r1,IMP-TEXT,1,assisted_corrected,assets_assisted_reference_match,ratio,1,3,0.3333333333333333,observed_reference_comparison,user-confirmed AI-assisted reference; independent teacher denominator 0
t160-quality-20261007T013645Z-cd518eac-02-IMP-TEXT-r2,IMP-TEXT,2,automatic,question_number_assisted_reference_match,ratio,3,3,1.0,observed_reference_comparison,user-confirmed AI-assisted reference; independent teacher denominator 0
t160-quality-20261007T013645Z-cd518eac-02-IMP-TEXT-r2,IMP-TEXT,2,automatic,order_index_assisted_reference_match,ratio,3,3,1.0,observed_reference_comparison,user-confirmed AI-assisted reference; independent teacher denominator 0
t160-quality-20261007T013645Z-cd518eac-02-IMP-TEXT-r2,IMP-TEXT,2,automatic,source_page_numbers_assisted_reference_match,ratio,3,3,1.0,observed_reference_comparison,user-confirmed AI-assisted reference; independent teacher denominator 0
t160-quality-20261007T013645Z-cd518eac-02-IMP-TEXT-r2,IMP-TEXT,2,automatic,question_type_assisted_reference_match,ratio,3,3,1.0,observed_reference_comparison,user-confirmed AI-assisted reference; independent teacher denominator 0
t160-quality-20261007T013645Z-cd518eac-02-IMP-TEXT-r2,IMP-TEXT,2,automatic,content_assisted_reference_match,ratio,3,3,1.0,observed_reference_comparison,user-confirmed AI-assisted reference; independent teacher denominator 0
t160-quality-20261007T013645Z-cd518eac-02-IMP-TEXT-r2,IMP-TEXT,2,automatic,options_assisted_reference_match,ratio,3,3,1.0,observed_reference_comparison,user-confirmed AI-assisted reference; independent teacher denominator 0
t160-quality-20261007T013645Z-cd518eac-02-IMP-TEXT-r2,IMP-TEXT,2,automatic,reference_answer_assisted_reference_match,ratio,3,3,1.0,observed_reference_comparison,user-confirmed AI-assisted reference; independent teacher denominator 0
t160-quality-20261007T013645Z-cd518eac-02-IMP-TEXT-r2,IMP-TEXT,2,automatic,analysis_assisted_reference_match,ratio,3,3,1.0,observed_reference_comparison,user-confirmed AI-assisted reference; independent teacher denominator 0
t160-quality-20261007T013645Z-cd518eac-02-IMP-TEXT-r2,IMP-TEXT,2,automatic,score_assisted_reference_match,ratio,3,3,1.0,observed_reference_comparison,user-confirmed AI-assisted reference; independent teacher denominator 0
t160-quality-20261007T013645Z-cd518eac-02-IMP-TEXT-r2,IMP-TEXT,2,automatic,scoring_rubric_assisted_reference_match,ratio,3,3,1.0,observed_reference_comparison,user-confirmed AI-assisted reference; independent teacher denominator 0
t160-quality-20261007T013645Z-cd518eac-02-IMP-TEXT-r2,IMP-TEXT,2,automatic,knowledge_points_assisted_reference_match,ratio,3,3,1.0,observed_reference_comparison,user-confirmed AI-assisted reference; independent teacher denominator 0
t160-quality-20261007T013645Z-cd518eac-02-IMP-TEXT-r2,IMP-TEXT,2,automatic,source_regions_assisted_reference_match,ratio,0,0,,no_evaluable_reference,user-confirmed AI-assisted reference; independent teacher denominator 0
t160-quality-20261007T013645Z-cd518eac-02-IMP-TEXT-r2,IMP-TEXT,2,automatic,assets_assisted_reference_match,ratio,0,3,0.0,observed_reference_comparison,user-confirmed AI-assisted reference; independent teacher denominator 0
t160-quality-20261007T013645Z-cd518eac-02-IMP-TEXT-r2,IMP-TEXT,2,assisted_corrected,question_number_assisted_reference_match,ratio,3,3,1.0,observed_reference_comparison,user-confirmed AI-assisted reference; independent teacher denominator 0
t160-quality-20261007T013645Z-cd518eac-02-IMP-TEXT-r2,IMP-TEXT,2,assisted_corrected,order_index_assisted_reference_match,ratio,3,3,1.0,observed_reference_comparison,user-confirmed AI-assisted reference; independent teacher denominator 0
t160-quality-20261007T013645Z-cd518eac-02-IMP-TEXT-r2,IMP-TEXT,2,assisted_corrected,source_page_numbers_assisted_reference_match,ratio,3,3,1.0,observed_reference_comparison,user-confirmed AI-assisted reference; independent teacher denominator 0
t160-quality-20261007T013645Z-cd518eac-02-IMP-TEXT-r2,IMP-TEXT,2,assisted_corrected,question_type_assisted_reference_match,ratio,3,3,1.0,observed_reference_comparison,user-confirmed AI-assisted reference; independent teacher denominator 0
t160-quality-20261007T013645Z-cd518eac-02-IMP-TEXT-r2,IMP-TEXT,2,assisted_corrected,content_assisted_reference_match,ratio,3,3,1.0,observed_reference_comparison,user-confirmed AI-assisted reference; independent teacher denominator 0
t160-quality-20261007T013645Z-cd518eac-02-IMP-TEXT-r2,IMP-TEXT,2,assisted_corrected,options_assisted_reference_match,ratio,3,3,1.0,observed_reference_comparison,user-confirmed AI-assisted reference; independent teacher denominator 0
t160-quality-20261007T013645Z-cd518eac-02-IMP-TEXT-r2,IMP-TEXT,2,assisted_corrected,reference_answer_assisted_reference_match,ratio,3,3,1.0,observed_reference_comparison,user-confirmed AI-assisted reference; independent teacher denominator 0
t160-quality-20261007T013645Z-cd518eac-02-IMP-TEXT-r2,IMP-TEXT,2,assisted_corrected,analysis_assisted_reference_match,ratio,3,3,1.0,observed_reference_comparison,user-confirmed AI-assisted reference; independent teacher denominator 0
t160-quality-20261007T013645Z-cd518eac-02-IMP-TEXT-r2,IMP-TEXT,2,assisted_corrected,score_assisted_reference_match,ratio,3,3,1.0,observed_reference_comparison,user-confirmed AI-assisted reference; independent teacher denominator 0
t160-quality-20261007T013645Z-cd518eac-02-IMP-TEXT-r2,IMP-TEXT,2,assisted_corrected,scoring_rubric_assisted_reference_match,ratio,3,3,1.0,observed_reference_comparison,user-confirmed AI-assisted reference; independent teacher denominator 0
t160-quality-20261007T013645Z-cd518eac-02-IMP-TEXT-r2,IMP-TEXT,2,assisted_corrected,knowledge_points_assisted_reference_match,ratio,3,3,1.0,observed_reference_comparison,user-confirmed AI-assisted reference; independent teacher denominator 0
t160-quality-20261007T013645Z-cd518eac-02-IMP-TEXT-r2,IMP-TEXT,2,assisted_corrected,source_regions_assisted_reference_match,ratio,0,0,,no_evaluable_reference,user-confirmed AI-assisted reference; independent teacher denominator 0
t160-quality-20261007T013645Z-cd518eac-02-IMP-TEXT-r2,IMP-TEXT,2,assisted_corrected,assets_assisted_reference_match,ratio,1,3,0.3333333333333333,observed_reference_comparison,user-confirmed AI-assisted reference; independent teacher denominator 0
t160-quality-20261007T013645Z-cd518eac-03-IMP-TEXT-r3,IMP-TEXT,3,automatic,question_number_assisted_reference_match,ratio,3,3,1.0,observed_reference_comparison,user-confirmed AI-assisted reference; independent teacher denominator 0
t160-quality-20261007T013645Z-cd518eac-03-IMP-TEXT-r3,IMP-TEXT,3,automatic,order_index_assisted_reference_match,ratio,3,3,1.0,observed_reference_comparison,user-confirmed AI-assisted reference; independent teacher denominator 0
t160-quality-20261007T013645Z-cd518eac-03-IMP-TEXT-r3,IMP-TEXT,3,automatic,source_page_numbers_assisted_reference_match,ratio,3,3,1.0,observed_reference_comparison,user-confirmed AI-assisted reference; independent teacher denominator 0
t160-quality-20261007T013645Z-cd518eac-03-IMP-TEXT-r3,IMP-TEXT,3,automatic,question_type_assisted_reference_match,ratio,3,3,1.0,observed_reference_comparison,user-confirmed AI-assisted reference; independent teacher denominator 0
t160-quality-20261007T013645Z-cd518eac-03-IMP-TEXT-r3,IMP-TEXT,3,automatic,content_assisted_reference_match,ratio,3,3,1.0,observed_reference_comparison,user-confirmed AI-assisted reference; independent teacher denominator 0
t160-quality-20261007T013645Z-cd518eac-03-IMP-TEXT-r3,IMP-TEXT,3,automatic,options_assisted_reference_match,ratio,3,3,1.0,observed_reference_comparison,user-confirmed AI-assisted reference; independent teacher denominator 0
t160-quality-20261007T013645Z-cd518eac-03-IMP-TEXT-r3,IMP-TEXT,3,automatic,reference_answer_assisted_reference_match,ratio,3,3,1.0,observed_reference_comparison,user-confirmed AI-assisted reference; independent teacher denominator 0
t160-quality-20261007T013645Z-cd518eac-03-IMP-TEXT-r3,IMP-TEXT,3,automatic,analysis_assisted_reference_match,ratio,3,3,1.0,observed_reference_comparison,user-confirmed AI-assisted reference; independent teacher denominator 0
t160-quality-20261007T013645Z-cd518eac-03-IMP-TEXT-r3,IMP-TEXT,3,automatic,score_assisted_reference_match,ratio,3,3,1.0,observed_reference_comparison,user-confirmed AI-assisted reference; independent teacher denominator 0
t160-quality-20261007T013645Z-cd518eac-03-IMP-TEXT-r3,IMP-TEXT,3,automatic,scoring_rubric_assisted_reference_match,ratio,3,3,1.0,observed_reference_comparison,user-confirmed AI-assisted reference; independent teacher denominator 0
t160-quality-20261007T013645Z-cd518eac-03-IMP-TEXT-r3,IMP-TEXT,3,automatic,knowledge_points_assisted_reference_match,ratio,3,3,1.0,observed_reference_comparison,user-confirmed AI-assisted reference; independent teacher denominator 0
t160-quality-20261007T013645Z-cd518eac-03-IMP-TEXT-r3,IMP-TEXT,3,automatic,source_regions_assisted_reference_match,ratio,0,0,,no_evaluable_reference,user-confirmed AI-assisted reference; independent teacher denominator 0
t160-quality-20261007T013645Z-cd518eac-03-IMP-TEXT-r3,IMP-TEXT,3,automatic,assets_assisted_reference_match,ratio,0,3,0.0,observed_reference_comparison,user-confirmed AI-assisted reference; independent teacher denominator 0
t160-quality-20261007T013645Z-cd518eac-03-IMP-TEXT-r3,IMP-TEXT,3,assisted_corrected,question_number_assisted_reference_match,ratio,3,3,1.0,observed_reference_comparison,user-confirmed AI-assisted reference; independent teacher denominator 0
t160-quality-20261007T013645Z-cd518eac-03-IMP-TEXT-r3,IMP-TEXT,3,assisted_corrected,order_index_assisted_reference_match,ratio,3,3,1.0,observed_reference_comparison,user-confirmed AI-assisted reference; independent teacher denominator 0
t160-quality-20261007T013645Z-cd518eac-03-IMP-TEXT-r3,IMP-TEXT,3,assisted_corrected,source_page_numbers_assisted_reference_match,ratio,3,3,1.0,observed_reference_comparison,user-confirmed AI-assisted reference; independent teacher denominator 0
t160-quality-20261007T013645Z-cd518eac-03-IMP-TEXT-r3,IMP-TEXT,3,assisted_corrected,question_type_assisted_reference_match,ratio,3,3,1.0,observed_reference_comparison,user-confirmed AI-assisted reference; independent teacher denominator 0
t160-quality-20261007T013645Z-cd518eac-03-IMP-TEXT-r3,IMP-TEXT,3,assisted_corrected,content_assisted_reference_match,ratio,3,3,1.0,observed_reference_comparison,user-confirmed AI-assisted reference; independent teacher denominator 0
t160-quality-20261007T013645Z-cd518eac-03-IMP-TEXT-r3,IMP-TEXT,3,assisted_corrected,options_assisted_reference_match,ratio,3,3,1.0,observed_reference_comparison,user-confirmed AI-assisted reference; independent teacher denominator 0
t160-quality-20261007T013645Z-cd518eac-03-IMP-TEXT-r3,IMP-TEXT,3,assisted_corrected,reference_answer_assisted_reference_match,ratio,3,3,1.0,observed_reference_comparison,user-confirmed AI-assisted reference; independent teacher denominator 0
t160-quality-20261007T013645Z-cd518eac-03-IMP-TEXT-r3,IMP-TEXT,3,assisted_corrected,analysis_assisted_reference_match,ratio,3,3,1.0,observed_reference_comparison,user-confirmed AI-assisted reference; independent teacher denominator 0
t160-quality-20261007T013645Z-cd518eac-03-IMP-TEXT-r3,IMP-TEXT,3,assisted_corrected,score_assisted_reference_match,ratio,3,3,1.0,observed_reference_comparison,user-confirmed AI-assisted reference; independent teacher denominator 0
t160-quality-20261007T013645Z-cd518eac-03-IMP-TEXT-r3,IMP-TEXT,3,assisted_corrected,scoring_rubric_assisted_reference_match,ratio,3,3,1.0,observed_reference_comparison,user-confirmed AI-assisted reference; independent teacher denominator 0
t160-quality-20261007T013645Z-cd518eac-03-IMP-TEXT-r3,IMP-TEXT,3,assisted_corrected,knowledge_points_assisted_reference_match,ratio,3,3,1.0,observed_reference_comparison,user-confirmed AI-assisted reference; independent teacher denominator 0
t160-quality-20261007T013645Z-cd518eac-03-IMP-TEXT-r3,IMP-TEXT,3,assisted_corrected,source_regions_assisted_reference_match,ratio,0,0,,no_evaluable_reference,user-confirmed AI-assisted reference; independent teacher denominator 0
t160-quality-20261007T013645Z-cd518eac-03-IMP-TEXT-r3,IMP-TEXT,3,assisted_corrected,assets_assisted_reference_match,ratio,1,3,0.3333333333333333,observed_reference_comparison,user-confirmed AI-assisted reference; independent teacher denominator 0
t160-quality-20261007T013645Z-cd518eac-04-IMP-SCAN-r1,IMP-SCAN,1,automatic,question_number_assisted_reference_match,ratio,3,3,1.0,observed_reference_comparison,user-confirmed AI-assisted reference; independent teacher denominator 0
t160-quality-20261007T013645Z-cd518eac-04-IMP-SCAN-r1,IMP-SCAN,1,automatic,order_index_assisted_reference_match,ratio,3,3,1.0,observed_reference_comparison,user-confirmed AI-assisted reference; independent teacher denominator 0
t160-quality-20261007T013645Z-cd518eac-04-IMP-SCAN-r1,IMP-SCAN,1,automatic,source_page_numbers_assisted_reference_match,ratio,3,3,1.0,observed_reference_comparison,user-confirmed AI-assisted reference; independent teacher denominator 0
t160-quality-20261007T013645Z-cd518eac-04-IMP-SCAN-r1,IMP-SCAN,1,automatic,question_type_assisted_reference_match,ratio,3,3,1.0,observed_reference_comparison,user-confirmed AI-assisted reference; independent teacher denominator 0
t160-quality-20261007T013645Z-cd518eac-04-IMP-SCAN-r1,IMP-SCAN,1,automatic,content_assisted_reference_match,ratio,0,3,0.0,observed_reference_comparison,user-confirmed AI-assisted reference; independent teacher denominator 0
t160-quality-20261007T013645Z-cd518eac-04-IMP-SCAN-r1,IMP-SCAN,1,automatic,options_assisted_reference_match,ratio,3,3,1.0,observed_reference_comparison,user-confirmed AI-assisted reference; independent teacher denominator 0
t160-quality-20261007T013645Z-cd518eac-04-IMP-SCAN-r1,IMP-SCAN,1,automatic,reference_answer_assisted_reference_match,ratio,3,3,1.0,observed_reference_comparison,user-confirmed AI-assisted reference; independent teacher denominator 0
t160-quality-20261007T013645Z-cd518eac-04-IMP-SCAN-r1,IMP-SCAN,1,automatic,analysis_assisted_reference_match,ratio,2,3,0.6666666666666666,observed_reference_comparison,user-confirmed AI-assisted reference; independent teacher denominator 0
t160-quality-20261007T013645Z-cd518eac-04-IMP-SCAN-r1,IMP-SCAN,1,automatic,score_assisted_reference_match,ratio,3,3,1.0,observed_reference_comparison,user-confirmed AI-assisted reference; independent teacher denominator 0
t160-quality-20261007T013645Z-cd518eac-04-IMP-SCAN-r1,IMP-SCAN,1,automatic,scoring_rubric_assisted_reference_match,ratio,2,3,0.6666666666666666,observed_reference_comparison,user-confirmed AI-assisted reference; independent teacher denominator 0
t160-quality-20261007T013645Z-cd518eac-04-IMP-SCAN-r1,IMP-SCAN,1,automatic,knowledge_points_assisted_reference_match,ratio,3,3,1.0,observed_reference_comparison,user-confirmed AI-assisted reference; independent teacher denominator 0
t160-quality-20261007T013645Z-cd518eac-04-IMP-SCAN-r1,IMP-SCAN,1,automatic,source_regions_assisted_reference_match,ratio,0,0,,no_evaluable_reference,user-confirmed AI-assisted reference; independent teacher denominator 0
t160-quality-20261007T013645Z-cd518eac-04-IMP-SCAN-r1,IMP-SCAN,1,automatic,assets_assisted_reference_match,ratio,0,3,0.0,observed_reference_comparison,user-confirmed AI-assisted reference; independent teacher denominator 0
t160-quality-20261007T013645Z-cd518eac-04-IMP-SCAN-r1,IMP-SCAN,1,assisted_corrected,question_number_assisted_reference_match,ratio,3,3,1.0,observed_reference_comparison,user-confirmed AI-assisted reference; independent teacher denominator 0
t160-quality-20261007T013645Z-cd518eac-04-IMP-SCAN-r1,IMP-SCAN,1,assisted_corrected,order_index_assisted_reference_match,ratio,3,3,1.0,observed_reference_comparison,user-confirmed AI-assisted reference; independent teacher denominator 0
t160-quality-20261007T013645Z-cd518eac-04-IMP-SCAN-r1,IMP-SCAN,1,assisted_corrected,source_page_numbers_assisted_reference_match,ratio,3,3,1.0,observed_reference_comparison,user-confirmed AI-assisted reference; independent teacher denominator 0
t160-quality-20261007T013645Z-cd518eac-04-IMP-SCAN-r1,IMP-SCAN,1,assisted_corrected,question_type_assisted_reference_match,ratio,3,3,1.0,observed_reference_comparison,user-confirmed AI-assisted reference; independent teacher denominator 0
t160-quality-20261007T013645Z-cd518eac-04-IMP-SCAN-r1,IMP-SCAN,1,assisted_corrected,content_assisted_reference_match,ratio,3,3,1.0,observed_reference_comparison,user-confirmed AI-assisted reference; independent teacher denominator 0
t160-quality-20261007T013645Z-cd518eac-04-IMP-SCAN-r1,IMP-SCAN,1,assisted_corrected,options_assisted_reference_match,ratio,3,3,1.0,observed_reference_comparison,user-confirmed AI-assisted reference; independent teacher denominator 0
t160-quality-20261007T013645Z-cd518eac-04-IMP-SCAN-r1,IMP-SCAN,1,assisted_corrected,reference_answer_assisted_reference_match,ratio,3,3,1.0,observed_reference_comparison,user-confirmed AI-assisted reference; independent teacher denominator 0
t160-quality-20261007T013645Z-cd518eac-04-IMP-SCAN-r1,IMP-SCAN,1,assisted_corrected,analysis_assisted_reference_match,ratio,3,3,1.0,observed_reference_comparison,user-confirmed AI-assisted reference; independent teacher denominator 0
t160-quality-20261007T013645Z-cd518eac-04-IMP-SCAN-r1,IMP-SCAN,1,assisted_corrected,score_assisted_reference_match,ratio,3,3,1.0,observed_reference_comparison,user-confirmed AI-assisted reference; independent teacher denominator 0
t160-quality-20261007T013645Z-cd518eac-04-IMP-SCAN-r1,IMP-SCAN,1,assisted_corrected,scoring_rubric_assisted_reference_match,ratio,3,3,1.0,observed_reference_comparison,user-confirmed AI-assisted reference; independent teacher denominator 0
t160-quality-20261007T013645Z-cd518eac-04-IMP-SCAN-r1,IMP-SCAN,1,assisted_corrected,knowledge_points_assisted_reference_match,ratio,3,3,1.0,observed_reference_comparison,user-confirmed AI-assisted reference; independent teacher denominator 0
t160-quality-20261007T013645Z-cd518eac-04-IMP-SCAN-r1,IMP-SCAN,1,assisted_corrected,source_regions_assisted_reference_match,ratio,0,0,,no_evaluable_reference,user-confirmed AI-assisted reference; independent teacher denominator 0
t160-quality-20261007T013645Z-cd518eac-04-IMP-SCAN-r1,IMP-SCAN,1,assisted_corrected,assets_assisted_reference_match,ratio,1,3,0.3333333333333333,observed_reference_comparison,user-confirmed AI-assisted reference; independent teacher denominator 0
t160-quality-20261007T013645Z-cd518eac-05-IMP-SCAN-r2,IMP-SCAN,2,automatic,question_number_assisted_reference_match,ratio,3,3,1.0,observed_reference_comparison,user-confirmed AI-assisted reference; independent teacher denominator 0
t160-quality-20261007T013645Z-cd518eac-05-IMP-SCAN-r2,IMP-SCAN,2,automatic,order_index_assisted_reference_match,ratio,3,3,1.0,observed_reference_comparison,user-confirmed AI-assisted reference; independent teacher denominator 0
t160-quality-20261007T013645Z-cd518eac-05-IMP-SCAN-r2,IMP-SCAN,2,automatic,source_page_numbers_assisted_reference_match,ratio,3,3,1.0,observed_reference_comparison,user-confirmed AI-assisted reference; independent teacher denominator 0
t160-quality-20261007T013645Z-cd518eac-05-IMP-SCAN-r2,IMP-SCAN,2,automatic,question_type_assisted_reference_match,ratio,3,3,1.0,observed_reference_comparison,user-confirmed AI-assisted reference; independent teacher denominator 0
t160-quality-20261007T013645Z-cd518eac-05-IMP-SCAN-r2,IMP-SCAN,2,automatic,content_assisted_reference_match,ratio,1,3,0.3333333333333333,observed_reference_comparison,user-confirmed AI-assisted reference; independent teacher denominator 0
t160-quality-20261007T013645Z-cd518eac-05-IMP-SCAN-r2,IMP-SCAN,2,automatic,options_assisted_reference_match,ratio,3,3,1.0,observed_reference_comparison,user-confirmed AI-assisted reference; independent teacher denominator 0
t160-quality-20261007T013645Z-cd518eac-05-IMP-SCAN-r2,IMP-SCAN,2,automatic,reference_answer_assisted_reference_match,ratio,3,3,1.0,observed_reference_comparison,user-confirmed AI-assisted reference; independent teacher denominator 0
t160-quality-20261007T013645Z-cd518eac-05-IMP-SCAN-r2,IMP-SCAN,2,automatic,analysis_assisted_reference_match,ratio,2,3,0.6666666666666666,observed_reference_comparison,user-confirmed AI-assisted reference; independent teacher denominator 0
t160-quality-20261007T013645Z-cd518eac-05-IMP-SCAN-r2,IMP-SCAN,2,automatic,score_assisted_reference_match,ratio,3,3,1.0,observed_reference_comparison,user-confirmed AI-assisted reference; independent teacher denominator 0
t160-quality-20261007T013645Z-cd518eac-05-IMP-SCAN-r2,IMP-SCAN,2,automatic,scoring_rubric_assisted_reference_match,ratio,2,3,0.6666666666666666,observed_reference_comparison,user-confirmed AI-assisted reference; independent teacher denominator 0
t160-quality-20261007T013645Z-cd518eac-05-IMP-SCAN-r2,IMP-SCAN,2,automatic,knowledge_points_assisted_reference_match,ratio,3,3,1.0,observed_reference_comparison,user-confirmed AI-assisted reference; independent teacher denominator 0
t160-quality-20261007T013645Z-cd518eac-05-IMP-SCAN-r2,IMP-SCAN,2,automatic,source_regions_assisted_reference_match,ratio,0,0,,no_evaluable_reference,user-confirmed AI-assisted reference; independent teacher denominator 0
t160-quality-20261007T013645Z-cd518eac-05-IMP-SCAN-r2,IMP-SCAN,2,automatic,assets_assisted_reference_match,ratio,0,3,0.0,observed_reference_comparison,user-confirmed AI-assisted reference; independent teacher denominator 0
t160-quality-20261007T013645Z-cd518eac-05-IMP-SCAN-r2,IMP-SCAN,2,assisted_corrected,question_number_assisted_reference_match,ratio,3,3,1.0,observed_reference_comparison,user-confirmed AI-assisted reference; independent teacher denominator 0
t160-quality-20261007T013645Z-cd518eac-05-IMP-SCAN-r2,IMP-SCAN,2,assisted_corrected,order_index_assisted_reference_match,ratio,3,3,1.0,observed_reference_comparison,user-confirmed AI-assisted reference; independent teacher denominator 0
t160-quality-20261007T013645Z-cd518eac-05-IMP-SCAN-r2,IMP-SCAN,2,assisted_corrected,source_page_numbers_assisted_reference_match,ratio,3,3,1.0,observed_reference_comparison,user-confirmed AI-assisted reference; independent teacher denominator 0
t160-quality-20261007T013645Z-cd518eac-05-IMP-SCAN-r2,IMP-SCAN,2,assisted_corrected,question_type_assisted_reference_match,ratio,3,3,1.0,observed_reference_comparison,user-confirmed AI-assisted reference; independent teacher denominator 0
t160-quality-20261007T013645Z-cd518eac-05-IMP-SCAN-r2,IMP-SCAN,2,assisted_corrected,content_assisted_reference_match,ratio,3,3,1.0,observed_reference_comparison,user-confirmed AI-assisted reference; independent teacher denominator 0
t160-quality-20261007T013645Z-cd518eac-05-IMP-SCAN-r2,IMP-SCAN,2,assisted_corrected,options_assisted_reference_match,ratio,3,3,1.0,observed_reference_comparison,user-confirmed AI-assisted reference; independent teacher denominator 0
t160-quality-20261007T013645Z-cd518eac-05-IMP-SCAN-r2,IMP-SCAN,2,assisted_corrected,reference_answer_assisted_reference_match,ratio,3,3,1.0,observed_reference_comparison,user-confirmed AI-assisted reference; independent teacher denominator 0
t160-quality-20261007T013645Z-cd518eac-05-IMP-SCAN-r2,IMP-SCAN,2,assisted_corrected,analysis_assisted_reference_match,ratio,3,3,1.0,observed_reference_comparison,user-confirmed AI-assisted reference; independent teacher denominator 0
t160-quality-20261007T013645Z-cd518eac-05-IMP-SCAN-r2,IMP-SCAN,2,assisted_corrected,score_assisted_reference_match,ratio,3,3,1.0,observed_reference_comparison,user-confirmed AI-assisted reference; independent teacher denominator 0
t160-quality-20261007T013645Z-cd518eac-05-IMP-SCAN-r2,IMP-SCAN,2,assisted_corrected,scoring_rubric_assisted_reference_match,ratio,3,3,1.0,observed_reference_comparison,user-confirmed AI-assisted reference; independent teacher denominator 0
t160-quality-20261007T013645Z-cd518eac-05-IMP-SCAN-r2,IMP-SCAN,2,assisted_corrected,knowledge_points_assisted_reference_match,ratio,3,3,1.0,observed_reference_comparison,user-confirmed AI-assisted reference; independent teacher denominator 0
t160-quality-20261007T013645Z-cd518eac-05-IMP-SCAN-r2,IMP-SCAN,2,assisted_corrected,source_regions_assisted_reference_match,ratio,0,0,,no_evaluable_reference,user-confirmed AI-assisted reference; independent teacher denominator 0
t160-quality-20261007T013645Z-cd518eac-05-IMP-SCAN-r2,IMP-SCAN,2,assisted_corrected,assets_assisted_reference_match,ratio,1,3,0.3333333333333333,observed_reference_comparison,user-confirmed AI-assisted reference; independent teacher denominator 0
t160-quality-20261007T013645Z-cd518eac-06-IMP-SCAN-r3,IMP-SCAN,3,automatic,question_number_assisted_reference_match,ratio,3,3,1.0,observed_reference_comparison,user-confirmed AI-assisted reference; independent teacher denominator 0
t160-quality-20261007T013645Z-cd518eac-06-IMP-SCAN-r3,IMP-SCAN,3,automatic,order_index_assisted_reference_match,ratio,3,3,1.0,observed_reference_comparison,user-confirmed AI-assisted reference; independent teacher denominator 0
t160-quality-20261007T013645Z-cd518eac-06-IMP-SCAN-r3,IMP-SCAN,3,automatic,source_page_numbers_assisted_reference_match,ratio,3,3,1.0,observed_reference_comparison,user-confirmed AI-assisted reference; independent teacher denominator 0
t160-quality-20261007T013645Z-cd518eac-06-IMP-SCAN-r3,IMP-SCAN,3,automatic,question_type_assisted_reference_match,ratio,3,3,1.0,observed_reference_comparison,user-confirmed AI-assisted reference; independent teacher denominator 0
t160-quality-20261007T013645Z-cd518eac-06-IMP-SCAN-r3,IMP-SCAN,3,automatic,content_assisted_reference_match,ratio,3,3,1.0,observed_reference_comparison,user-confirmed AI-assisted reference; independent teacher denominator 0
t160-quality-20261007T013645Z-cd518eac-06-IMP-SCAN-r3,IMP-SCAN,3,automatic,options_assisted_reference_match,ratio,3,3,1.0,observed_reference_comparison,user-confirmed AI-assisted reference; independent teacher denominator 0
t160-quality-20261007T013645Z-cd518eac-06-IMP-SCAN-r3,IMP-SCAN,3,automatic,reference_answer_assisted_reference_match,ratio,3,3,1.0,observed_reference_comparison,user-confirmed AI-assisted reference; independent teacher denominator 0
t160-quality-20261007T013645Z-cd518eac-06-IMP-SCAN-r3,IMP-SCAN,3,automatic,analysis_assisted_reference_match,ratio,2,3,0.6666666666666666,observed_reference_comparison,user-confirmed AI-assisted reference; independent teacher denominator 0
t160-quality-20261007T013645Z-cd518eac-06-IMP-SCAN-r3,IMP-SCAN,3,automatic,score_assisted_reference_match,ratio,3,3,1.0,observed_reference_comparison,user-confirmed AI-assisted reference; independent teacher denominator 0
t160-quality-20261007T013645Z-cd518eac-06-IMP-SCAN-r3,IMP-SCAN,3,automatic,scoring_rubric_assisted_reference_match,ratio,2,3,0.6666666666666666,observed_reference_comparison,user-confirmed AI-assisted reference; independent teacher denominator 0
t160-quality-20261007T013645Z-cd518eac-06-IMP-SCAN-r3,IMP-SCAN,3,automatic,knowledge_points_assisted_reference_match,ratio,3,3,1.0,observed_reference_comparison,user-confirmed AI-assisted reference; independent teacher denominator 0
t160-quality-20261007T013645Z-cd518eac-06-IMP-SCAN-r3,IMP-SCAN,3,automatic,source_regions_assisted_reference_match,ratio,0,0,,no_evaluable_reference,user-confirmed AI-assisted reference; independent teacher denominator 0
t160-quality-20261007T013645Z-cd518eac-06-IMP-SCAN-r3,IMP-SCAN,3,automatic,assets_assisted_reference_match,ratio,0,3,0.0,observed_reference_comparison,user-confirmed AI-assisted reference; independent teacher denominator 0
t160-quality-20261007T013645Z-cd518eac-06-IMP-SCAN-r3,IMP-SCAN,3,assisted_corrected,question_number_assisted_reference_match,ratio,3,3,1.0,observed_reference_comparison,user-confirmed AI-assisted reference; independent teacher denominator 0
t160-quality-20261007T013645Z-cd518eac-06-IMP-SCAN-r3,IMP-SCAN,3,assisted_corrected,order_index_assisted_reference_match,ratio,3,3,1.0,observed_reference_comparison,user-confirmed AI-assisted reference; independent teacher denominator 0
t160-quality-20261007T013645Z-cd518eac-06-IMP-SCAN-r3,IMP-SCAN,3,assisted_corrected,source_page_numbers_assisted_reference_match,ratio,3,3,1.0,observed_reference_comparison,user-confirmed AI-assisted reference; independent teacher denominator 0
t160-quality-20261007T013645Z-cd518eac-06-IMP-SCAN-r3,IMP-SCAN,3,assisted_corrected,question_type_assisted_reference_match,ratio,3,3,1.0,observed_reference_comparison,user-confirmed AI-assisted reference; independent teacher denominator 0
t160-quality-20261007T013645Z-cd518eac-06-IMP-SCAN-r3,IMP-SCAN,3,assisted_corrected,content_assisted_reference_match,ratio,3,3,1.0,observed_reference_comparison,user-confirmed AI-assisted reference; independent teacher denominator 0
t160-quality-20261007T013645Z-cd518eac-06-IMP-SCAN-r3,IMP-SCAN,3,assisted_corrected,options_assisted_reference_match,ratio,3,3,1.0,observed_reference_comparison,user-confirmed AI-assisted reference; independent teacher denominator 0
t160-quality-20261007T013645Z-cd518eac-06-IMP-SCAN-r3,IMP-SCAN,3,assisted_corrected,reference_answer_assisted_reference_match,ratio,3,3,1.0,observed_reference_comparison,user-confirmed AI-assisted reference; independent teacher denominator 0
t160-quality-20261007T013645Z-cd518eac-06-IMP-SCAN-r3,IMP-SCAN,3,assisted_corrected,analysis_assisted_reference_match,ratio,3,3,1.0,observed_reference_comparison,user-confirmed AI-assisted reference; independent teacher denominator 0
t160-quality-20261007T013645Z-cd518eac-06-IMP-SCAN-r3,IMP-SCAN,3,assisted_corrected,score_assisted_reference_match,ratio,3,3,1.0,observed_reference_comparison,user-confirmed AI-assisted reference; independent teacher denominator 0
t160-quality-20261007T013645Z-cd518eac-06-IMP-SCAN-r3,IMP-SCAN,3,assisted_corrected,scoring_rubric_assisted_reference_match,ratio,3,3,1.0,observed_reference_comparison,user-confirmed AI-assisted reference; independent teacher denominator 0
t160-quality-20261007T013645Z-cd518eac-06-IMP-SCAN-r3,IMP-SCAN,3,assisted_corrected,knowledge_points_assisted_reference_match,ratio,3,3,1.0,observed_reference_comparison,user-confirmed AI-assisted reference; independent teacher denominator 0
t160-quality-20261007T013645Z-cd518eac-06-IMP-SCAN-r3,IMP-SCAN,3,assisted_corrected,source_regions_assisted_reference_match,ratio,0,0,,no_evaluable_reference,user-confirmed AI-assisted reference; independent teacher denominator 0
t160-quality-20261007T013645Z-cd518eac-06-IMP-SCAN-r3,IMP-SCAN,3,assisted_corrected,assets_assisted_reference_match,ratio,1,3,0.3333333333333333,observed_reference_comparison,user-confirmed AI-assisted reference; independent teacher denominator 0
t160-quality-20261007T013645Z-cd518eac-07-IMP-IMAGE-r1,IMP-IMAGE,1,automatic,question_number_assisted_reference_match,ratio,3,3,1.0,observed_reference_comparison,user-confirmed AI-assisted reference; independent teacher denominator 0
t160-quality-20261007T013645Z-cd518eac-07-IMP-IMAGE-r1,IMP-IMAGE,1,automatic,order_index_assisted_reference_match,ratio,3,3,1.0,observed_reference_comparison,user-confirmed AI-assisted reference; independent teacher denominator 0
t160-quality-20261007T013645Z-cd518eac-07-IMP-IMAGE-r1,IMP-IMAGE,1,automatic,source_page_numbers_assisted_reference_match,ratio,3,3,1.0,observed_reference_comparison,user-confirmed AI-assisted reference; independent teacher denominator 0
t160-quality-20261007T013645Z-cd518eac-07-IMP-IMAGE-r1,IMP-IMAGE,1,automatic,question_type_assisted_reference_match,ratio,3,3,1.0,observed_reference_comparison,user-confirmed AI-assisted reference; independent teacher denominator 0
t160-quality-20261007T013645Z-cd518eac-07-IMP-IMAGE-r1,IMP-IMAGE,1,automatic,content_assisted_reference_match,ratio,2,3,0.6666666666666666,observed_reference_comparison,user-confirmed AI-assisted reference; independent teacher denominator 0
t160-quality-20261007T013645Z-cd518eac-07-IMP-IMAGE-r1,IMP-IMAGE,1,automatic,options_assisted_reference_match,ratio,3,3,1.0,observed_reference_comparison,user-confirmed AI-assisted reference; independent teacher denominator 0
t160-quality-20261007T013645Z-cd518eac-07-IMP-IMAGE-r1,IMP-IMAGE,1,automatic,reference_answer_assisted_reference_match,ratio,3,3,1.0,observed_reference_comparison,user-confirmed AI-assisted reference; independent teacher denominator 0
t160-quality-20261007T013645Z-cd518eac-07-IMP-IMAGE-r1,IMP-IMAGE,1,automatic,analysis_assisted_reference_match,ratio,2,3,0.6666666666666666,observed_reference_comparison,user-confirmed AI-assisted reference; independent teacher denominator 0
t160-quality-20261007T013645Z-cd518eac-07-IMP-IMAGE-r1,IMP-IMAGE,1,automatic,score_assisted_reference_match,ratio,3,3,1.0,observed_reference_comparison,user-confirmed AI-assisted reference; independent teacher denominator 0
t160-quality-20261007T013645Z-cd518eac-07-IMP-IMAGE-r1,IMP-IMAGE,1,automatic,scoring_rubric_assisted_reference_match,ratio,2,3,0.6666666666666666,observed_reference_comparison,user-confirmed AI-assisted reference; independent teacher denominator 0
t160-quality-20261007T013645Z-cd518eac-07-IMP-IMAGE-r1,IMP-IMAGE,1,automatic,knowledge_points_assisted_reference_match,ratio,3,3,1.0,observed_reference_comparison,user-confirmed AI-assisted reference; independent teacher denominator 0
t160-quality-20261007T013645Z-cd518eac-07-IMP-IMAGE-r1,IMP-IMAGE,1,automatic,source_regions_assisted_reference_match,ratio,0,0,,no_evaluable_reference,user-confirmed AI-assisted reference; independent teacher denominator 0
t160-quality-20261007T013645Z-cd518eac-07-IMP-IMAGE-r1,IMP-IMAGE,1,automatic,assets_assisted_reference_match,ratio,0,3,0.0,observed_reference_comparison,user-confirmed AI-assisted reference; independent teacher denominator 0
t160-quality-20261007T013645Z-cd518eac-07-IMP-IMAGE-r1,IMP-IMAGE,1,assisted_corrected,question_number_assisted_reference_match,ratio,3,3,1.0,observed_reference_comparison,user-confirmed AI-assisted reference; independent teacher denominator 0
t160-quality-20261007T013645Z-cd518eac-07-IMP-IMAGE-r1,IMP-IMAGE,1,assisted_corrected,order_index_assisted_reference_match,ratio,3,3,1.0,observed_reference_comparison,user-confirmed AI-assisted reference; independent teacher denominator 0
t160-quality-20261007T013645Z-cd518eac-07-IMP-IMAGE-r1,IMP-IMAGE,1,assisted_corrected,source_page_numbers_assisted_reference_match,ratio,3,3,1.0,observed_reference_comparison,user-confirmed AI-assisted reference; independent teacher denominator 0
t160-quality-20261007T013645Z-cd518eac-07-IMP-IMAGE-r1,IMP-IMAGE,1,assisted_corrected,question_type_assisted_reference_match,ratio,3,3,1.0,observed_reference_comparison,user-confirmed AI-assisted reference; independent teacher denominator 0
t160-quality-20261007T013645Z-cd518eac-07-IMP-IMAGE-r1,IMP-IMAGE,1,assisted_corrected,content_assisted_reference_match,ratio,3,3,1.0,observed_reference_comparison,user-confirmed AI-assisted reference; independent teacher denominator 0
t160-quality-20261007T013645Z-cd518eac-07-IMP-IMAGE-r1,IMP-IMAGE,1,assisted_corrected,options_assisted_reference_match,ratio,3,3,1.0,observed_reference_comparison,user-confirmed AI-assisted reference; independent teacher denominator 0
t160-quality-20261007T013645Z-cd518eac-07-IMP-IMAGE-r1,IMP-IMAGE,1,assisted_corrected,reference_answer_assisted_reference_match,ratio,3,3,1.0,observed_reference_comparison,user-confirmed AI-assisted reference; independent teacher denominator 0
t160-quality-20261007T013645Z-cd518eac-07-IMP-IMAGE-r1,IMP-IMAGE,1,assisted_corrected,analysis_assisted_reference_match,ratio,3,3,1.0,observed_reference_comparison,user-confirmed AI-assisted reference; independent teacher denominator 0
t160-quality-20261007T013645Z-cd518eac-07-IMP-IMAGE-r1,IMP-IMAGE,1,assisted_corrected,score_assisted_reference_match,ratio,3,3,1.0,observed_reference_comparison,user-confirmed AI-assisted reference; independent teacher denominator 0
t160-quality-20261007T013645Z-cd518eac-07-IMP-IMAGE-r1,IMP-IMAGE,1,assisted_corrected,scoring_rubric_assisted_reference_match,ratio,3,3,1.0,observed_reference_comparison,user-confirmed AI-assisted reference; independent teacher denominator 0
t160-quality-20261007T013645Z-cd518eac-07-IMP-IMAGE-r1,IMP-IMAGE,1,assisted_corrected,knowledge_points_assisted_reference_match,ratio,3,3,1.0,observed_reference_comparison,user-confirmed AI-assisted reference; independent teacher denominator 0
t160-quality-20261007T013645Z-cd518eac-07-IMP-IMAGE-r1,IMP-IMAGE,1,assisted_corrected,source_regions_assisted_reference_match,ratio,0,0,,no_evaluable_reference,user-confirmed AI-assisted reference; independent teacher denominator 0
t160-quality-20261007T013645Z-cd518eac-07-IMP-IMAGE-r1,IMP-IMAGE,1,assisted_corrected,assets_assisted_reference_match,ratio,1,3,0.3333333333333333,observed_reference_comparison,user-confirmed AI-assisted reference; independent teacher denominator 0
t160-quality-20261007T013645Z-cd518eac-08-IMP-IMAGE-r2,IMP-IMAGE,2,automatic,question_number_assisted_reference_match,ratio,3,3,1.0,observed_reference_comparison,user-confirmed AI-assisted reference; independent teacher denominator 0
t160-quality-20261007T013645Z-cd518eac-08-IMP-IMAGE-r2,IMP-IMAGE,2,automatic,order_index_assisted_reference_match,ratio,3,3,1.0,observed_reference_comparison,user-confirmed AI-assisted reference; independent teacher denominator 0
t160-quality-20261007T013645Z-cd518eac-08-IMP-IMAGE-r2,IMP-IMAGE,2,automatic,source_page_numbers_assisted_reference_match,ratio,3,3,1.0,observed_reference_comparison,user-confirmed AI-assisted reference; independent teacher denominator 0
t160-quality-20261007T013645Z-cd518eac-08-IMP-IMAGE-r2,IMP-IMAGE,2,automatic,question_type_assisted_reference_match,ratio,3,3,1.0,observed_reference_comparison,user-confirmed AI-assisted reference; independent teacher denominator 0
t160-quality-20261007T013645Z-cd518eac-08-IMP-IMAGE-r2,IMP-IMAGE,2,automatic,content_assisted_reference_match,ratio,2,3,0.6666666666666666,observed_reference_comparison,user-confirmed AI-assisted reference; independent teacher denominator 0
t160-quality-20261007T013645Z-cd518eac-08-IMP-IMAGE-r2,IMP-IMAGE,2,automatic,options_assisted_reference_match,ratio,3,3,1.0,observed_reference_comparison,user-confirmed AI-assisted reference; independent teacher denominator 0
t160-quality-20261007T013645Z-cd518eac-08-IMP-IMAGE-r2,IMP-IMAGE,2,automatic,reference_answer_assisted_reference_match,ratio,3,3,1.0,observed_reference_comparison,user-confirmed AI-assisted reference; independent teacher denominator 0
t160-quality-20261007T013645Z-cd518eac-08-IMP-IMAGE-r2,IMP-IMAGE,2,automatic,analysis_assisted_reference_match,ratio,2,3,0.6666666666666666,observed_reference_comparison,user-confirmed AI-assisted reference; independent teacher denominator 0
t160-quality-20261007T013645Z-cd518eac-08-IMP-IMAGE-r2,IMP-IMAGE,2,automatic,score_assisted_reference_match,ratio,3,3,1.0,observed_reference_comparison,user-confirmed AI-assisted reference; independent teacher denominator 0
t160-quality-20261007T013645Z-cd518eac-08-IMP-IMAGE-r2,IMP-IMAGE,2,automatic,scoring_rubric_assisted_reference_match,ratio,2,3,0.6666666666666666,observed_reference_comparison,user-confirmed AI-assisted reference; independent teacher denominator 0
t160-quality-20261007T013645Z-cd518eac-08-IMP-IMAGE-r2,IMP-IMAGE,2,automatic,knowledge_points_assisted_reference_match,ratio,3,3,1.0,observed_reference_comparison,user-confirmed AI-assisted reference; independent teacher denominator 0
t160-quality-20261007T013645Z-cd518eac-08-IMP-IMAGE-r2,IMP-IMAGE,2,automatic,source_regions_assisted_reference_match,ratio,0,0,,no_evaluable_reference,user-confirmed AI-assisted reference; independent teacher denominator 0
t160-quality-20261007T013645Z-cd518eac-08-IMP-IMAGE-r2,IMP-IMAGE,2,automatic,assets_assisted_reference_match,ratio,0,3,0.0,observed_reference_comparison,user-confirmed AI-assisted reference; independent teacher denominator 0
t160-quality-20261007T013645Z-cd518eac-08-IMP-IMAGE-r2,IMP-IMAGE,2,assisted_corrected,question_number_assisted_reference_match,ratio,3,3,1.0,observed_reference_comparison,user-confirmed AI-assisted reference; independent teacher denominator 0
t160-quality-20261007T013645Z-cd518eac-08-IMP-IMAGE-r2,IMP-IMAGE,2,assisted_corrected,order_index_assisted_reference_match,ratio,3,3,1.0,observed_reference_comparison,user-confirmed AI-assisted reference; independent teacher denominator 0
t160-quality-20261007T013645Z-cd518eac-08-IMP-IMAGE-r2,IMP-IMAGE,2,assisted_corrected,source_page_numbers_assisted_reference_match,ratio,3,3,1.0,observed_reference_comparison,user-confirmed AI-assisted reference; independent teacher denominator 0
t160-quality-20261007T013645Z-cd518eac-08-IMP-IMAGE-r2,IMP-IMAGE,2,assisted_corrected,question_type_assisted_reference_match,ratio,3,3,1.0,observed_reference_comparison,user-confirmed AI-assisted reference; independent teacher denominator 0
t160-quality-20261007T013645Z-cd518eac-08-IMP-IMAGE-r2,IMP-IMAGE,2,assisted_corrected,content_assisted_reference_match,ratio,3,3,1.0,observed_reference_comparison,user-confirmed AI-assisted reference; independent teacher denominator 0
t160-quality-20261007T013645Z-cd518eac-08-IMP-IMAGE-r2,IMP-IMAGE,2,assisted_corrected,options_assisted_reference_match,ratio,3,3,1.0,observed_reference_comparison,user-confirmed AI-assisted reference; independent teacher denominator 0
t160-quality-20261007T013645Z-cd518eac-08-IMP-IMAGE-r2,IMP-IMAGE,2,assisted_corrected,reference_answer_assisted_reference_match,ratio,3,3,1.0,observed_reference_comparison,user-confirmed AI-assisted reference; independent teacher denominator 0
t160-quality-20261007T013645Z-cd518eac-08-IMP-IMAGE-r2,IMP-IMAGE,2,assisted_corrected,analysis_assisted_reference_match,ratio,3,3,1.0,observed_reference_comparison,user-confirmed AI-assisted reference; independent teacher denominator 0
t160-quality-20261007T013645Z-cd518eac-08-IMP-IMAGE-r2,IMP-IMAGE,2,assisted_corrected,score_assisted_reference_match,ratio,3,3,1.0,observed_reference_comparison,user-confirmed AI-assisted reference; independent teacher denominator 0
t160-quality-20261007T013645Z-cd518eac-08-IMP-IMAGE-r2,IMP-IMAGE,2,assisted_corrected,scoring_rubric_assisted_reference_match,ratio,3,3,1.0,observed_reference_comparison,user-confirmed AI-assisted reference; independent teacher denominator 0
t160-quality-20261007T013645Z-cd518eac-08-IMP-IMAGE-r2,IMP-IMAGE,2,assisted_corrected,knowledge_points_assisted_reference_match,ratio,3,3,1.0,observed_reference_comparison,user-confirmed AI-assisted reference; independent teacher denominator 0
t160-quality-20261007T013645Z-cd518eac-08-IMP-IMAGE-r2,IMP-IMAGE,2,assisted_corrected,source_regions_assisted_reference_match,ratio,0,0,,no_evaluable_reference,user-confirmed AI-assisted reference; independent teacher denominator 0
t160-quality-20261007T013645Z-cd518eac-08-IMP-IMAGE-r2,IMP-IMAGE,2,assisted_corrected,assets_assisted_reference_match,ratio,1,3,0.3333333333333333,observed_reference_comparison,user-confirmed AI-assisted reference; independent teacher denominator 0
t160-quality-20261007T013645Z-cd518eac-09-IMP-IMAGE-r3,IMP-IMAGE,3,automatic,question_number_assisted_reference_match,ratio,3,3,1.0,observed_reference_comparison,user-confirmed AI-assisted reference; independent teacher denominator 0
t160-quality-20261007T013645Z-cd518eac-09-IMP-IMAGE-r3,IMP-IMAGE,3,automatic,order_index_assisted_reference_match,ratio,3,3,1.0,observed_reference_comparison,user-confirmed AI-assisted reference; independent teacher denominator 0
t160-quality-20261007T013645Z-cd518eac-09-IMP-IMAGE-r3,IMP-IMAGE,3,automatic,source_page_numbers_assisted_reference_match,ratio,3,3,1.0,observed_reference_comparison,user-confirmed AI-assisted reference; independent teacher denominator 0
t160-quality-20261007T013645Z-cd518eac-09-IMP-IMAGE-r3,IMP-IMAGE,3,automatic,question_type_assisted_reference_match,ratio,3,3,1.0,observed_reference_comparison,user-confirmed AI-assisted reference; independent teacher denominator 0
t160-quality-20261007T013645Z-cd518eac-09-IMP-IMAGE-r3,IMP-IMAGE,3,automatic,content_assisted_reference_match,ratio,2,3,0.6666666666666666,observed_reference_comparison,user-confirmed AI-assisted reference; independent teacher denominator 0
t160-quality-20261007T013645Z-cd518eac-09-IMP-IMAGE-r3,IMP-IMAGE,3,automatic,options_assisted_reference_match,ratio,3,3,1.0,observed_reference_comparison,user-confirmed AI-assisted reference; independent teacher denominator 0
t160-quality-20261007T013645Z-cd518eac-09-IMP-IMAGE-r3,IMP-IMAGE,3,automatic,reference_answer_assisted_reference_match,ratio,3,3,1.0,observed_reference_comparison,user-confirmed AI-assisted reference; independent teacher denominator 0
t160-quality-20261007T013645Z-cd518eac-09-IMP-IMAGE-r3,IMP-IMAGE,3,automatic,analysis_assisted_reference_match,ratio,2,3,0.6666666666666666,observed_reference_comparison,user-confirmed AI-assisted reference; independent teacher denominator 0
t160-quality-20261007T013645Z-cd518eac-09-IMP-IMAGE-r3,IMP-IMAGE,3,automatic,score_assisted_reference_match,ratio,3,3,1.0,observed_reference_comparison,user-confirmed AI-assisted reference; independent teacher denominator 0
t160-quality-20261007T013645Z-cd518eac-09-IMP-IMAGE-r3,IMP-IMAGE,3,automatic,scoring_rubric_assisted_reference_match,ratio,2,3,0.6666666666666666,observed_reference_comparison,user-confirmed AI-assisted reference; independent teacher denominator 0
t160-quality-20261007T013645Z-cd518eac-09-IMP-IMAGE-r3,IMP-IMAGE,3,automatic,knowledge_points_assisted_reference_match,ratio,1,3,0.3333333333333333,observed_reference_comparison,user-confirmed AI-assisted reference; independent teacher denominator 0
t160-quality-20261007T013645Z-cd518eac-09-IMP-IMAGE-r3,IMP-IMAGE,3,automatic,source_regions_assisted_reference_match,ratio,0,0,,no_evaluable_reference,user-confirmed AI-assisted reference; independent teacher denominator 0
t160-quality-20261007T013645Z-cd518eac-09-IMP-IMAGE-r3,IMP-IMAGE,3,automatic,assets_assisted_reference_match,ratio,0,3,0.0,observed_reference_comparison,user-confirmed AI-assisted reference; independent teacher denominator 0
t160-quality-20261007T013645Z-cd518eac-09-IMP-IMAGE-r3,IMP-IMAGE,3,assisted_corrected,question_number_assisted_reference_match,ratio,3,3,1.0,observed_reference_comparison,user-confirmed AI-assisted reference; independent teacher denominator 0
t160-quality-20261007T013645Z-cd518eac-09-IMP-IMAGE-r3,IMP-IMAGE,3,assisted_corrected,order_index_assisted_reference_match,ratio,3,3,1.0,observed_reference_comparison,user-confirmed AI-assisted reference; independent teacher denominator 0
t160-quality-20261007T013645Z-cd518eac-09-IMP-IMAGE-r3,IMP-IMAGE,3,assisted_corrected,source_page_numbers_assisted_reference_match,ratio,3,3,1.0,observed_reference_comparison,user-confirmed AI-assisted reference; independent teacher denominator 0
t160-quality-20261007T013645Z-cd518eac-09-IMP-IMAGE-r3,IMP-IMAGE,3,assisted_corrected,question_type_assisted_reference_match,ratio,3,3,1.0,observed_reference_comparison,user-confirmed AI-assisted reference; independent teacher denominator 0
t160-quality-20261007T013645Z-cd518eac-09-IMP-IMAGE-r3,IMP-IMAGE,3,assisted_corrected,content_assisted_reference_match,ratio,3,3,1.0,observed_reference_comparison,user-confirmed AI-assisted reference; independent teacher denominator 0
t160-quality-20261007T013645Z-cd518eac-09-IMP-IMAGE-r3,IMP-IMAGE,3,assisted_corrected,options_assisted_reference_match,ratio,3,3,1.0,observed_reference_comparison,user-confirmed AI-assisted reference; independent teacher denominator 0
t160-quality-20261007T013645Z-cd518eac-09-IMP-IMAGE-r3,IMP-IMAGE,3,assisted_corrected,reference_answer_assisted_reference_match,ratio,3,3,1.0,observed_reference_comparison,user-confirmed AI-assisted reference; independent teacher denominator 0
t160-quality-20261007T013645Z-cd518eac-09-IMP-IMAGE-r3,IMP-IMAGE,3,assisted_corrected,analysis_assisted_reference_match,ratio,3,3,1.0,observed_reference_comparison,user-confirmed AI-assisted reference; independent teacher denominator 0
t160-quality-20261007T013645Z-cd518eac-09-IMP-IMAGE-r3,IMP-IMAGE,3,assisted_corrected,score_assisted_reference_match,ratio,3,3,1.0,observed_reference_comparison,user-confirmed AI-assisted reference; independent teacher denominator 0
t160-quality-20261007T013645Z-cd518eac-09-IMP-IMAGE-r3,IMP-IMAGE,3,assisted_corrected,scoring_rubric_assisted_reference_match,ratio,3,3,1.0,observed_reference_comparison,user-confirmed AI-assisted reference; independent teacher denominator 0
t160-quality-20261007T013645Z-cd518eac-09-IMP-IMAGE-r3,IMP-IMAGE,3,assisted_corrected,knowledge_points_assisted_reference_match,ratio,3,3,1.0,observed_reference_comparison,user-confirmed AI-assisted reference; independent teacher denominator 0
t160-quality-20261007T013645Z-cd518eac-09-IMP-IMAGE-r3,IMP-IMAGE,3,assisted_corrected,source_regions_assisted_reference_match,ratio,0,0,,no_evaluable_reference,user-confirmed AI-assisted reference; independent teacher denominator 0
t160-quality-20261007T013645Z-cd518eac-09-IMP-IMAGE-r3,IMP-IMAGE,3,assisted_corrected,assets_assisted_reference_match,ratio,1,3,0.3333333333333333,observed_reference_comparison,user-confirmed AI-assisted reference; independent teacher denominator 0
t160-quality-20261007T013645Z-cd518eac-10-IMP-MIXED-r1,IMP-MIXED,1,automatic,question_number_assisted_reference_match,ratio,3,6,0.5,observed_reference_comparison,user-confirmed AI-assisted reference; independent teacher denominator 0
t160-quality-20261007T013645Z-cd518eac-10-IMP-MIXED-r1,IMP-MIXED,1,automatic,order_index_assisted_reference_match,ratio,3,6,0.5,observed_reference_comparison,user-confirmed AI-assisted reference; independent teacher denominator 0
t160-quality-20261007T013645Z-cd518eac-10-IMP-MIXED-r1,IMP-MIXED,1,automatic,source_page_numbers_assisted_reference_match,ratio,3,6,0.5,observed_reference_comparison,user-confirmed AI-assisted reference; independent teacher denominator 0
t160-quality-20261007T013645Z-cd518eac-10-IMP-MIXED-r1,IMP-MIXED,1,automatic,question_type_assisted_reference_match,ratio,3,6,0.5,observed_reference_comparison,user-confirmed AI-assisted reference; independent teacher denominator 0
t160-quality-20261007T013645Z-cd518eac-10-IMP-MIXED-r1,IMP-MIXED,1,automatic,content_assisted_reference_match,ratio,3,6,0.5,observed_reference_comparison,user-confirmed AI-assisted reference; independent teacher denominator 0
t160-quality-20261007T013645Z-cd518eac-10-IMP-MIXED-r1,IMP-MIXED,1,automatic,options_assisted_reference_match,ratio,3,6,0.5,observed_reference_comparison,user-confirmed AI-assisted reference; independent teacher denominator 0
t160-quality-20261007T013645Z-cd518eac-10-IMP-MIXED-r1,IMP-MIXED,1,automatic,reference_answer_assisted_reference_match,ratio,3,6,0.5,observed_reference_comparison,user-confirmed AI-assisted reference; independent teacher denominator 0
t160-quality-20261007T013645Z-cd518eac-10-IMP-MIXED-r1,IMP-MIXED,1,automatic,analysis_assisted_reference_match,ratio,3,6,0.5,observed_reference_comparison,user-confirmed AI-assisted reference; independent teacher denominator 0
t160-quality-20261007T013645Z-cd518eac-10-IMP-MIXED-r1,IMP-MIXED,1,automatic,score_assisted_reference_match,ratio,3,6,0.5,observed_reference_comparison,user-confirmed AI-assisted reference; independent teacher denominator 0
t160-quality-20261007T013645Z-cd518eac-10-IMP-MIXED-r1,IMP-MIXED,1,automatic,scoring_rubric_assisted_reference_match,ratio,3,6,0.5,observed_reference_comparison,user-confirmed AI-assisted reference; independent teacher denominator 0
t160-quality-20261007T013645Z-cd518eac-10-IMP-MIXED-r1,IMP-MIXED,1,automatic,knowledge_points_assisted_reference_match,ratio,3,6,0.5,observed_reference_comparison,user-confirmed AI-assisted reference; independent teacher denominator 0
t160-quality-20261007T013645Z-cd518eac-10-IMP-MIXED-r1,IMP-MIXED,1,automatic,source_regions_assisted_reference_match,ratio,0,0,,no_evaluable_reference,user-confirmed AI-assisted reference; independent teacher denominator 0
t160-quality-20261007T013645Z-cd518eac-10-IMP-MIXED-r1,IMP-MIXED,1,automatic,assets_assisted_reference_match,ratio,0,6,0.0,observed_reference_comparison,user-confirmed AI-assisted reference; independent teacher denominator 0
t160-quality-20261007T013645Z-cd518eac-10-IMP-MIXED-r1,IMP-MIXED,1,assisted_corrected,question_number_assisted_reference_match,ratio,3,6,0.5,observed_reference_comparison,user-confirmed AI-assisted reference; independent teacher denominator 0
t160-quality-20261007T013645Z-cd518eac-10-IMP-MIXED-r1,IMP-MIXED,1,assisted_corrected,order_index_assisted_reference_match,ratio,3,6,0.5,observed_reference_comparison,user-confirmed AI-assisted reference; independent teacher denominator 0
t160-quality-20261007T013645Z-cd518eac-10-IMP-MIXED-r1,IMP-MIXED,1,assisted_corrected,source_page_numbers_assisted_reference_match,ratio,3,6,0.5,observed_reference_comparison,user-confirmed AI-assisted reference; independent teacher denominator 0
t160-quality-20261007T013645Z-cd518eac-10-IMP-MIXED-r1,IMP-MIXED,1,assisted_corrected,question_type_assisted_reference_match,ratio,3,6,0.5,observed_reference_comparison,user-confirmed AI-assisted reference; independent teacher denominator 0
t160-quality-20261007T013645Z-cd518eac-10-IMP-MIXED-r1,IMP-MIXED,1,assisted_corrected,content_assisted_reference_match,ratio,3,6,0.5,observed_reference_comparison,user-confirmed AI-assisted reference; independent teacher denominator 0
t160-quality-20261007T013645Z-cd518eac-10-IMP-MIXED-r1,IMP-MIXED,1,assisted_corrected,options_assisted_reference_match,ratio,3,6,0.5,observed_reference_comparison,user-confirmed AI-assisted reference; independent teacher denominator 0
t160-quality-20261007T013645Z-cd518eac-10-IMP-MIXED-r1,IMP-MIXED,1,assisted_corrected,reference_answer_assisted_reference_match,ratio,3,6,0.5,observed_reference_comparison,user-confirmed AI-assisted reference; independent teacher denominator 0
t160-quality-20261007T013645Z-cd518eac-10-IMP-MIXED-r1,IMP-MIXED,1,assisted_corrected,analysis_assisted_reference_match,ratio,3,6,0.5,observed_reference_comparison,user-confirmed AI-assisted reference; independent teacher denominator 0
t160-quality-20261007T013645Z-cd518eac-10-IMP-MIXED-r1,IMP-MIXED,1,assisted_corrected,score_assisted_reference_match,ratio,3,6,0.5,observed_reference_comparison,user-confirmed AI-assisted reference; independent teacher denominator 0
t160-quality-20261007T013645Z-cd518eac-10-IMP-MIXED-r1,IMP-MIXED,1,assisted_corrected,scoring_rubric_assisted_reference_match,ratio,3,6,0.5,observed_reference_comparison,user-confirmed AI-assisted reference; independent teacher denominator 0
t160-quality-20261007T013645Z-cd518eac-10-IMP-MIXED-r1,IMP-MIXED,1,assisted_corrected,knowledge_points_assisted_reference_match,ratio,3,6,0.5,observed_reference_comparison,user-confirmed AI-assisted reference; independent teacher denominator 0
t160-quality-20261007T013645Z-cd518eac-10-IMP-MIXED-r1,IMP-MIXED,1,assisted_corrected,source_regions_assisted_reference_match,ratio,0,0,,no_evaluable_reference,user-confirmed AI-assisted reference; independent teacher denominator 0
t160-quality-20261007T013645Z-cd518eac-10-IMP-MIXED-r1,IMP-MIXED,1,assisted_corrected,assets_assisted_reference_match,ratio,1,6,0.16666666666666666,observed_reference_comparison,user-confirmed AI-assisted reference; independent teacher denominator 0
t160-quality-20261007T013645Z-cd518eac-11-IMP-MIXED-r2,IMP-MIXED,2,automatic,question_number_assisted_reference_match,ratio,6,6,1.0,observed_reference_comparison,user-confirmed AI-assisted reference; independent teacher denominator 0
t160-quality-20261007T013645Z-cd518eac-11-IMP-MIXED-r2,IMP-MIXED,2,automatic,order_index_assisted_reference_match,ratio,6,6,1.0,observed_reference_comparison,user-confirmed AI-assisted reference; independent teacher denominator 0
t160-quality-20261007T013645Z-cd518eac-11-IMP-MIXED-r2,IMP-MIXED,2,automatic,source_page_numbers_assisted_reference_match,ratio,6,6,1.0,observed_reference_comparison,user-confirmed AI-assisted reference; independent teacher denominator 0
t160-quality-20261007T013645Z-cd518eac-11-IMP-MIXED-r2,IMP-MIXED,2,automatic,question_type_assisted_reference_match,ratio,6,6,1.0,observed_reference_comparison,user-confirmed AI-assisted reference; independent teacher denominator 0
t160-quality-20261007T013645Z-cd518eac-11-IMP-MIXED-r2,IMP-MIXED,2,automatic,content_assisted_reference_match,ratio,6,6,1.0,observed_reference_comparison,user-confirmed AI-assisted reference; independent teacher denominator 0
t160-quality-20261007T013645Z-cd518eac-11-IMP-MIXED-r2,IMP-MIXED,2,automatic,options_assisted_reference_match,ratio,6,6,1.0,observed_reference_comparison,user-confirmed AI-assisted reference; independent teacher denominator 0
t160-quality-20261007T013645Z-cd518eac-11-IMP-MIXED-r2,IMP-MIXED,2,automatic,reference_answer_assisted_reference_match,ratio,6,6,1.0,observed_reference_comparison,user-confirmed AI-assisted reference; independent teacher denominator 0
t160-quality-20261007T013645Z-cd518eac-11-IMP-MIXED-r2,IMP-MIXED,2,automatic,analysis_assisted_reference_match,ratio,6,6,1.0,observed_reference_comparison,user-confirmed AI-assisted reference; independent teacher denominator 0
t160-quality-20261007T013645Z-cd518eac-11-IMP-MIXED-r2,IMP-MIXED,2,automatic,score_assisted_reference_match,ratio,6,6,1.0,observed_reference_comparison,user-confirmed AI-assisted reference; independent teacher denominator 0
t160-quality-20261007T013645Z-cd518eac-11-IMP-MIXED-r2,IMP-MIXED,2,automatic,scoring_rubric_assisted_reference_match,ratio,6,6,1.0,observed_reference_comparison,user-confirmed AI-assisted reference; independent teacher denominator 0
t160-quality-20261007T013645Z-cd518eac-11-IMP-MIXED-r2,IMP-MIXED,2,automatic,knowledge_points_assisted_reference_match,ratio,6,6,1.0,observed_reference_comparison,user-confirmed AI-assisted reference; independent teacher denominator 0
t160-quality-20261007T013645Z-cd518eac-11-IMP-MIXED-r2,IMP-MIXED,2,automatic,source_regions_assisted_reference_match,ratio,0,0,,no_evaluable_reference,user-confirmed AI-assisted reference; independent teacher denominator 0
t160-quality-20261007T013645Z-cd518eac-11-IMP-MIXED-r2,IMP-MIXED,2,automatic,assets_assisted_reference_match,ratio,0,6,0.0,observed_reference_comparison,user-confirmed AI-assisted reference; independent teacher denominator 0
t160-quality-20261007T013645Z-cd518eac-11-IMP-MIXED-r2,IMP-MIXED,2,assisted_corrected,question_number_assisted_reference_match,ratio,6,6,1.0,observed_reference_comparison,user-confirmed AI-assisted reference; independent teacher denominator 0
t160-quality-20261007T013645Z-cd518eac-11-IMP-MIXED-r2,IMP-MIXED,2,assisted_corrected,order_index_assisted_reference_match,ratio,6,6,1.0,observed_reference_comparison,user-confirmed AI-assisted reference; independent teacher denominator 0
t160-quality-20261007T013645Z-cd518eac-11-IMP-MIXED-r2,IMP-MIXED,2,assisted_corrected,source_page_numbers_assisted_reference_match,ratio,6,6,1.0,observed_reference_comparison,user-confirmed AI-assisted reference; independent teacher denominator 0
t160-quality-20261007T013645Z-cd518eac-11-IMP-MIXED-r2,IMP-MIXED,2,assisted_corrected,question_type_assisted_reference_match,ratio,6,6,1.0,observed_reference_comparison,user-confirmed AI-assisted reference; independent teacher denominator 0
t160-quality-20261007T013645Z-cd518eac-11-IMP-MIXED-r2,IMP-MIXED,2,assisted_corrected,content_assisted_reference_match,ratio,6,6,1.0,observed_reference_comparison,user-confirmed AI-assisted reference; independent teacher denominator 0
t160-quality-20261007T013645Z-cd518eac-11-IMP-MIXED-r2,IMP-MIXED,2,assisted_corrected,options_assisted_reference_match,ratio,6,6,1.0,observed_reference_comparison,user-confirmed AI-assisted reference; independent teacher denominator 0
t160-quality-20261007T013645Z-cd518eac-11-IMP-MIXED-r2,IMP-MIXED,2,assisted_corrected,reference_answer_assisted_reference_match,ratio,6,6,1.0,observed_reference_comparison,user-confirmed AI-assisted reference; independent teacher denominator 0
t160-quality-20261007T013645Z-cd518eac-11-IMP-MIXED-r2,IMP-MIXED,2,assisted_corrected,analysis_assisted_reference_match,ratio,6,6,1.0,observed_reference_comparison,user-confirmed AI-assisted reference; independent teacher denominator 0
t160-quality-20261007T013645Z-cd518eac-11-IMP-MIXED-r2,IMP-MIXED,2,assisted_corrected,score_assisted_reference_match,ratio,6,6,1.0,observed_reference_comparison,user-confirmed AI-assisted reference; independent teacher denominator 0
t160-quality-20261007T013645Z-cd518eac-11-IMP-MIXED-r2,IMP-MIXED,2,assisted_corrected,scoring_rubric_assisted_reference_match,ratio,6,6,1.0,observed_reference_comparison,user-confirmed AI-assisted reference; independent teacher denominator 0
t160-quality-20261007T013645Z-cd518eac-11-IMP-MIXED-r2,IMP-MIXED,2,assisted_corrected,knowledge_points_assisted_reference_match,ratio,6,6,1.0,observed_reference_comparison,user-confirmed AI-assisted reference; independent teacher denominator 0
t160-quality-20261007T013645Z-cd518eac-11-IMP-MIXED-r2,IMP-MIXED,2,assisted_corrected,source_regions_assisted_reference_match,ratio,0,0,,no_evaluable_reference,user-confirmed AI-assisted reference; independent teacher denominator 0
t160-quality-20261007T013645Z-cd518eac-11-IMP-MIXED-r2,IMP-MIXED,2,assisted_corrected,assets_assisted_reference_match,ratio,2,6,0.3333333333333333,observed_reference_comparison,user-confirmed AI-assisted reference; independent teacher denominator 0
t160-quality-20261007T013645Z-cd518eac-12-IMP-MIXED-r3,IMP-MIXED,3,automatic,question_number_assisted_reference_match,ratio,6,6,1.0,observed_reference_comparison,user-confirmed AI-assisted reference; independent teacher denominator 0
t160-quality-20261007T013645Z-cd518eac-12-IMP-MIXED-r3,IMP-MIXED,3,automatic,order_index_assisted_reference_match,ratio,6,6,1.0,observed_reference_comparison,user-confirmed AI-assisted reference; independent teacher denominator 0
t160-quality-20261007T013645Z-cd518eac-12-IMP-MIXED-r3,IMP-MIXED,3,automatic,source_page_numbers_assisted_reference_match,ratio,6,6,1.0,observed_reference_comparison,user-confirmed AI-assisted reference; independent teacher denominator 0
t160-quality-20261007T013645Z-cd518eac-12-IMP-MIXED-r3,IMP-MIXED,3,automatic,question_type_assisted_reference_match,ratio,6,6,1.0,observed_reference_comparison,user-confirmed AI-assisted reference; independent teacher denominator 0
t160-quality-20261007T013645Z-cd518eac-12-IMP-MIXED-r3,IMP-MIXED,3,automatic,content_assisted_reference_match,ratio,6,6,1.0,observed_reference_comparison,user-confirmed AI-assisted reference; independent teacher denominator 0
t160-quality-20261007T013645Z-cd518eac-12-IMP-MIXED-r3,IMP-MIXED,3,automatic,options_assisted_reference_match,ratio,6,6,1.0,observed_reference_comparison,user-confirmed AI-assisted reference; independent teacher denominator 0
t160-quality-20261007T013645Z-cd518eac-12-IMP-MIXED-r3,IMP-MIXED,3,automatic,reference_answer_assisted_reference_match,ratio,6,6,1.0,observed_reference_comparison,user-confirmed AI-assisted reference; independent teacher denominator 0
t160-quality-20261007T013645Z-cd518eac-12-IMP-MIXED-r3,IMP-MIXED,3,automatic,analysis_assisted_reference_match,ratio,6,6,1.0,observed_reference_comparison,user-confirmed AI-assisted reference; independent teacher denominator 0
t160-quality-20261007T013645Z-cd518eac-12-IMP-MIXED-r3,IMP-MIXED,3,automatic,score_assisted_reference_match,ratio,6,6,1.0,observed_reference_comparison,user-confirmed AI-assisted reference; independent teacher denominator 0
t160-quality-20261007T013645Z-cd518eac-12-IMP-MIXED-r3,IMP-MIXED,3,automatic,scoring_rubric_assisted_reference_match,ratio,6,6,1.0,observed_reference_comparison,user-confirmed AI-assisted reference; independent teacher denominator 0
t160-quality-20261007T013645Z-cd518eac-12-IMP-MIXED-r3,IMP-MIXED,3,automatic,knowledge_points_assisted_reference_match,ratio,6,6,1.0,observed_reference_comparison,user-confirmed AI-assisted reference; independent teacher denominator 0
t160-quality-20261007T013645Z-cd518eac-12-IMP-MIXED-r3,IMP-MIXED,3,automatic,source_regions_assisted_reference_match,ratio,0,0,,no_evaluable_reference,user-confirmed AI-assisted reference; independent teacher denominator 0
t160-quality-20261007T013645Z-cd518eac-12-IMP-MIXED-r3,IMP-MIXED,3,automatic,assets_assisted_reference_match,ratio,0,6,0.0,observed_reference_comparison,user-confirmed AI-assisted reference; independent teacher denominator 0
t160-quality-20261007T013645Z-cd518eac-12-IMP-MIXED-r3,IMP-MIXED,3,assisted_corrected,question_number_assisted_reference_match,ratio,6,6,1.0,observed_reference_comparison,user-confirmed AI-assisted reference; independent teacher denominator 0
t160-quality-20261007T013645Z-cd518eac-12-IMP-MIXED-r3,IMP-MIXED,3,assisted_corrected,order_index_assisted_reference_match,ratio,6,6,1.0,observed_reference_comparison,user-confirmed AI-assisted reference; independent teacher denominator 0
t160-quality-20261007T013645Z-cd518eac-12-IMP-MIXED-r3,IMP-MIXED,3,assisted_corrected,source_page_numbers_assisted_reference_match,ratio,6,6,1.0,observed_reference_comparison,user-confirmed AI-assisted reference; independent teacher denominator 0
t160-quality-20261007T013645Z-cd518eac-12-IMP-MIXED-r3,IMP-MIXED,3,assisted_corrected,question_type_assisted_reference_match,ratio,6,6,1.0,observed_reference_comparison,user-confirmed AI-assisted reference; independent teacher denominator 0
t160-quality-20261007T013645Z-cd518eac-12-IMP-MIXED-r3,IMP-MIXED,3,assisted_corrected,content_assisted_reference_match,ratio,6,6,1.0,observed_reference_comparison,user-confirmed AI-assisted reference; independent teacher denominator 0
t160-quality-20261007T013645Z-cd518eac-12-IMP-MIXED-r3,IMP-MIXED,3,assisted_corrected,options_assisted_reference_match,ratio,6,6,1.0,observed_reference_comparison,user-confirmed AI-assisted reference; independent teacher denominator 0
t160-quality-20261007T013645Z-cd518eac-12-IMP-MIXED-r3,IMP-MIXED,3,assisted_corrected,reference_answer_assisted_reference_match,ratio,6,6,1.0,observed_reference_comparison,user-confirmed AI-assisted reference; independent teacher denominator 0
t160-quality-20261007T013645Z-cd518eac-12-IMP-MIXED-r3,IMP-MIXED,3,assisted_corrected,analysis_assisted_reference_match,ratio,6,6,1.0,observed_reference_comparison,user-confirmed AI-assisted reference; independent teacher denominator 0
t160-quality-20261007T013645Z-cd518eac-12-IMP-MIXED-r3,IMP-MIXED,3,assisted_corrected,score_assisted_reference_match,ratio,6,6,1.0,observed_reference_comparison,user-confirmed AI-assisted reference; independent teacher denominator 0
t160-quality-20261007T013645Z-cd518eac-12-IMP-MIXED-r3,IMP-MIXED,3,assisted_corrected,scoring_rubric_assisted_reference_match,ratio,6,6,1.0,observed_reference_comparison,user-confirmed AI-assisted reference; independent teacher denominator 0
t160-quality-20261007T013645Z-cd518eac-12-IMP-MIXED-r3,IMP-MIXED,3,assisted_corrected,knowledge_points_assisted_reference_match,ratio,6,6,1.0,observed_reference_comparison,user-confirmed AI-assisted reference; independent teacher denominator 0
t160-quality-20261007T013645Z-cd518eac-12-IMP-MIXED-r3,IMP-MIXED,3,assisted_corrected,source_regions_assisted_reference_match,ratio,0,0,,no_evaluable_reference,user-confirmed AI-assisted reference; independent teacher denominator 0
t160-quality-20261007T013645Z-cd518eac-12-IMP-MIXED-r3,IMP-MIXED,3,assisted_corrected,assets_assisted_reference_match,ratio,2,6,0.3333333333333333,observed_reference_comparison,user-confirmed AI-assisted reference; independent teacher denominator 0
t160-quality-20261007T013645Z-cd518eac-13-IMP-CROSS-r1,IMP-CROSS,1,automatic,question_number_assisted_reference_match,ratio,1,1,1.0,observed_reference_comparison,user-confirmed AI-assisted reference; independent teacher denominator 0
t160-quality-20261007T013645Z-cd518eac-13-IMP-CROSS-r1,IMP-CROSS,1,automatic,order_index_assisted_reference_match,ratio,1,1,1.0,observed_reference_comparison,user-confirmed AI-assisted reference; independent teacher denominator 0
t160-quality-20261007T013645Z-cd518eac-13-IMP-CROSS-r1,IMP-CROSS,1,automatic,source_page_numbers_assisted_reference_match,ratio,1,1,1.0,observed_reference_comparison,user-confirmed AI-assisted reference; independent teacher denominator 0
t160-quality-20261007T013645Z-cd518eac-13-IMP-CROSS-r1,IMP-CROSS,1,automatic,question_type_assisted_reference_match,ratio,0,0,,no_evaluable_reference,user-confirmed AI-assisted reference; independent teacher denominator 0
t160-quality-20261007T013645Z-cd518eac-13-IMP-CROSS-r1,IMP-CROSS,1,automatic,content_assisted_reference_match,ratio,1,1,1.0,observed_reference_comparison,user-confirmed AI-assisted reference; independent teacher denominator 0
t160-quality-20261007T013645Z-cd518eac-13-IMP-CROSS-r1,IMP-CROSS,1,automatic,options_assisted_reference_match,ratio,1,1,1.0,observed_reference_comparison,user-confirmed AI-assisted reference; independent teacher denominator 0
t160-quality-20261007T013645Z-cd518eac-13-IMP-CROSS-r1,IMP-CROSS,1,automatic,reference_answer_assisted_reference_match,ratio,1,1,1.0,observed_reference_comparison,user-confirmed AI-assisted reference; independent teacher denominator 0
t160-quality-20261007T013645Z-cd518eac-13-IMP-CROSS-r1,IMP-CROSS,1,automatic,analysis_assisted_reference_match,ratio,1,1,1.0,observed_reference_comparison,user-confirmed AI-assisted reference; independent teacher denominator 0
t160-quality-20261007T013645Z-cd518eac-13-IMP-CROSS-r1,IMP-CROSS,1,automatic,score_assisted_reference_match,ratio,1,1,1.0,observed_reference_comparison,user-confirmed AI-assisted reference; independent teacher denominator 0
t160-quality-20261007T013645Z-cd518eac-13-IMP-CROSS-r1,IMP-CROSS,1,automatic,scoring_rubric_assisted_reference_match,ratio,1,1,1.0,observed_reference_comparison,user-confirmed AI-assisted reference; independent teacher denominator 0
t160-quality-20261007T013645Z-cd518eac-13-IMP-CROSS-r1,IMP-CROSS,1,automatic,knowledge_points_assisted_reference_match,ratio,1,1,1.0,observed_reference_comparison,user-confirmed AI-assisted reference; independent teacher denominator 0
t160-quality-20261007T013645Z-cd518eac-13-IMP-CROSS-r1,IMP-CROSS,1,automatic,source_regions_assisted_reference_match,ratio,0,0,,no_evaluable_reference,user-confirmed AI-assisted reference; independent teacher denominator 0
t160-quality-20261007T013645Z-cd518eac-13-IMP-CROSS-r1,IMP-CROSS,1,automatic,assets_assisted_reference_match,ratio,0,1,0.0,observed_reference_comparison,user-confirmed AI-assisted reference; independent teacher denominator 0
t160-quality-20261007T013645Z-cd518eac-13-IMP-CROSS-r1,IMP-CROSS,1,assisted_corrected,question_number_assisted_reference_match,ratio,1,1,1.0,observed_reference_comparison,user-confirmed AI-assisted reference; independent teacher denominator 0
t160-quality-20261007T013645Z-cd518eac-13-IMP-CROSS-r1,IMP-CROSS,1,assisted_corrected,order_index_assisted_reference_match,ratio,1,1,1.0,observed_reference_comparison,user-confirmed AI-assisted reference; independent teacher denominator 0
t160-quality-20261007T013645Z-cd518eac-13-IMP-CROSS-r1,IMP-CROSS,1,assisted_corrected,source_page_numbers_assisted_reference_match,ratio,1,1,1.0,observed_reference_comparison,user-confirmed AI-assisted reference; independent teacher denominator 0
t160-quality-20261007T013645Z-cd518eac-13-IMP-CROSS-r1,IMP-CROSS,1,assisted_corrected,question_type_assisted_reference_match,ratio,0,0,,no_evaluable_reference,user-confirmed AI-assisted reference; independent teacher denominator 0
t160-quality-20261007T013645Z-cd518eac-13-IMP-CROSS-r1,IMP-CROSS,1,assisted_corrected,content_assisted_reference_match,ratio,1,1,1.0,observed_reference_comparison,user-confirmed AI-assisted reference; independent teacher denominator 0
t160-quality-20261007T013645Z-cd518eac-13-IMP-CROSS-r1,IMP-CROSS,1,assisted_corrected,options_assisted_reference_match,ratio,1,1,1.0,observed_reference_comparison,user-confirmed AI-assisted reference; independent teacher denominator 0
t160-quality-20261007T013645Z-cd518eac-13-IMP-CROSS-r1,IMP-CROSS,1,assisted_corrected,reference_answer_assisted_reference_match,ratio,1,1,1.0,observed_reference_comparison,user-confirmed AI-assisted reference; independent teacher denominator 0
t160-quality-20261007T013645Z-cd518eac-13-IMP-CROSS-r1,IMP-CROSS,1,assisted_corrected,analysis_assisted_reference_match,ratio,1,1,1.0,observed_reference_comparison,user-confirmed AI-assisted reference; independent teacher denominator 0
t160-quality-20261007T013645Z-cd518eac-13-IMP-CROSS-r1,IMP-CROSS,1,assisted_corrected,score_assisted_reference_match,ratio,1,1,1.0,observed_reference_comparison,user-confirmed AI-assisted reference; independent teacher denominator 0
t160-quality-20261007T013645Z-cd518eac-13-IMP-CROSS-r1,IMP-CROSS,1,assisted_corrected,scoring_rubric_assisted_reference_match,ratio,1,1,1.0,observed_reference_comparison,user-confirmed AI-assisted reference; independent teacher denominator 0
t160-quality-20261007T013645Z-cd518eac-13-IMP-CROSS-r1,IMP-CROSS,1,assisted_corrected,knowledge_points_assisted_reference_match,ratio,1,1,1.0,observed_reference_comparison,user-confirmed AI-assisted reference; independent teacher denominator 0
t160-quality-20261007T013645Z-cd518eac-13-IMP-CROSS-r1,IMP-CROSS,1,assisted_corrected,source_regions_assisted_reference_match,ratio,0,0,,no_evaluable_reference,user-confirmed AI-assisted reference; independent teacher denominator 0
t160-quality-20261007T013645Z-cd518eac-13-IMP-CROSS-r1,IMP-CROSS,1,assisted_corrected,assets_assisted_reference_match,ratio,0,1,0.0,observed_reference_comparison,user-confirmed AI-assisted reference; independent teacher denominator 0
t160-quality-20261007T013645Z-cd518eac-14-IMP-CROSS-r2,IMP-CROSS,2,automatic,question_number_assisted_reference_match,ratio,1,1,1.0,observed_reference_comparison,user-confirmed AI-assisted reference; independent teacher denominator 0
t160-quality-20261007T013645Z-cd518eac-14-IMP-CROSS-r2,IMP-CROSS,2,automatic,order_index_assisted_reference_match,ratio,1,1,1.0,observed_reference_comparison,user-confirmed AI-assisted reference; independent teacher denominator 0
t160-quality-20261007T013645Z-cd518eac-14-IMP-CROSS-r2,IMP-CROSS,2,automatic,source_page_numbers_assisted_reference_match,ratio,1,1,1.0,observed_reference_comparison,user-confirmed AI-assisted reference; independent teacher denominator 0
t160-quality-20261007T013645Z-cd518eac-14-IMP-CROSS-r2,IMP-CROSS,2,automatic,question_type_assisted_reference_match,ratio,0,0,,no_evaluable_reference,user-confirmed AI-assisted reference; independent teacher denominator 0
t160-quality-20261007T013645Z-cd518eac-14-IMP-CROSS-r2,IMP-CROSS,2,automatic,content_assisted_reference_match,ratio,0,1,0.0,observed_reference_comparison,user-confirmed AI-assisted reference; independent teacher denominator 0
t160-quality-20261007T013645Z-cd518eac-14-IMP-CROSS-r2,IMP-CROSS,2,automatic,options_assisted_reference_match,ratio,1,1,1.0,observed_reference_comparison,user-confirmed AI-assisted reference; independent teacher denominator 0
t160-quality-20261007T013645Z-cd518eac-14-IMP-CROSS-r2,IMP-CROSS,2,automatic,reference_answer_assisted_reference_match,ratio,1,1,1.0,observed_reference_comparison,user-confirmed AI-assisted reference; independent teacher denominator 0
t160-quality-20261007T013645Z-cd518eac-14-IMP-CROSS-r2,IMP-CROSS,2,automatic,analysis_assisted_reference_match,ratio,1,1,1.0,observed_reference_comparison,user-confirmed AI-assisted reference; independent teacher denominator 0
t160-quality-20261007T013645Z-cd518eac-14-IMP-CROSS-r2,IMP-CROSS,2,automatic,score_assisted_reference_match,ratio,1,1,1.0,observed_reference_comparison,user-confirmed AI-assisted reference; independent teacher denominator 0
t160-quality-20261007T013645Z-cd518eac-14-IMP-CROSS-r2,IMP-CROSS,2,automatic,scoring_rubric_assisted_reference_match,ratio,1,1,1.0,observed_reference_comparison,user-confirmed AI-assisted reference; independent teacher denominator 0
t160-quality-20261007T013645Z-cd518eac-14-IMP-CROSS-r2,IMP-CROSS,2,automatic,knowledge_points_assisted_reference_match,ratio,0,1,0.0,observed_reference_comparison,user-confirmed AI-assisted reference; independent teacher denominator 0
t160-quality-20261007T013645Z-cd518eac-14-IMP-CROSS-r2,IMP-CROSS,2,automatic,source_regions_assisted_reference_match,ratio,0,0,,no_evaluable_reference,user-confirmed AI-assisted reference; independent teacher denominator 0
t160-quality-20261007T013645Z-cd518eac-14-IMP-CROSS-r2,IMP-CROSS,2,automatic,assets_assisted_reference_match,ratio,0,1,0.0,observed_reference_comparison,user-confirmed AI-assisted reference; independent teacher denominator 0
t160-quality-20261007T013645Z-cd518eac-14-IMP-CROSS-r2,IMP-CROSS,2,assisted_corrected,question_number_assisted_reference_match,ratio,1,1,1.0,observed_reference_comparison,user-confirmed AI-assisted reference; independent teacher denominator 0
t160-quality-20261007T013645Z-cd518eac-14-IMP-CROSS-r2,IMP-CROSS,2,assisted_corrected,order_index_assisted_reference_match,ratio,1,1,1.0,observed_reference_comparison,user-confirmed AI-assisted reference; independent teacher denominator 0
t160-quality-20261007T013645Z-cd518eac-14-IMP-CROSS-r2,IMP-CROSS,2,assisted_corrected,source_page_numbers_assisted_reference_match,ratio,1,1,1.0,observed_reference_comparison,user-confirmed AI-assisted reference; independent teacher denominator 0
t160-quality-20261007T013645Z-cd518eac-14-IMP-CROSS-r2,IMP-CROSS,2,assisted_corrected,question_type_assisted_reference_match,ratio,0,0,,no_evaluable_reference,user-confirmed AI-assisted reference; independent teacher denominator 0
t160-quality-20261007T013645Z-cd518eac-14-IMP-CROSS-r2,IMP-CROSS,2,assisted_corrected,content_assisted_reference_match,ratio,1,1,1.0,observed_reference_comparison,user-confirmed AI-assisted reference; independent teacher denominator 0
t160-quality-20261007T013645Z-cd518eac-14-IMP-CROSS-r2,IMP-CROSS,2,assisted_corrected,options_assisted_reference_match,ratio,1,1,1.0,observed_reference_comparison,user-confirmed AI-assisted reference; independent teacher denominator 0
t160-quality-20261007T013645Z-cd518eac-14-IMP-CROSS-r2,IMP-CROSS,2,assisted_corrected,reference_answer_assisted_reference_match,ratio,1,1,1.0,observed_reference_comparison,user-confirmed AI-assisted reference; independent teacher denominator 0
t160-quality-20261007T013645Z-cd518eac-14-IMP-CROSS-r2,IMP-CROSS,2,assisted_corrected,analysis_assisted_reference_match,ratio,1,1,1.0,observed_reference_comparison,user-confirmed AI-assisted reference; independent teacher denominator 0
t160-quality-20261007T013645Z-cd518eac-14-IMP-CROSS-r2,IMP-CROSS,2,assisted_corrected,score_assisted_reference_match,ratio,1,1,1.0,observed_reference_comparison,user-confirmed AI-assisted reference; independent teacher denominator 0
t160-quality-20261007T013645Z-cd518eac-14-IMP-CROSS-r2,IMP-CROSS,2,assisted_corrected,scoring_rubric_assisted_reference_match,ratio,1,1,1.0,observed_reference_comparison,user-confirmed AI-assisted reference; independent teacher denominator 0
t160-quality-20261007T013645Z-cd518eac-14-IMP-CROSS-r2,IMP-CROSS,2,assisted_corrected,knowledge_points_assisted_reference_match,ratio,1,1,1.0,observed_reference_comparison,user-confirmed AI-assisted reference; independent teacher denominator 0
t160-quality-20261007T013645Z-cd518eac-14-IMP-CROSS-r2,IMP-CROSS,2,assisted_corrected,source_regions_assisted_reference_match,ratio,0,0,,no_evaluable_reference,user-confirmed AI-assisted reference; independent teacher denominator 0
t160-quality-20261007T013645Z-cd518eac-14-IMP-CROSS-r2,IMP-CROSS,2,assisted_corrected,assets_assisted_reference_match,ratio,0,1,0.0,observed_reference_comparison,user-confirmed AI-assisted reference; independent teacher denominator 0
t160-quality-20261007T013645Z-cd518eac-15-IMP-CROSS-r3,IMP-CROSS,3,automatic,question_number_assisted_reference_match,ratio,1,1,1.0,observed_reference_comparison,user-confirmed AI-assisted reference; independent teacher denominator 0
t160-quality-20261007T013645Z-cd518eac-15-IMP-CROSS-r3,IMP-CROSS,3,automatic,order_index_assisted_reference_match,ratio,1,1,1.0,observed_reference_comparison,user-confirmed AI-assisted reference; independent teacher denominator 0
t160-quality-20261007T013645Z-cd518eac-15-IMP-CROSS-r3,IMP-CROSS,3,automatic,source_page_numbers_assisted_reference_match,ratio,1,1,1.0,observed_reference_comparison,user-confirmed AI-assisted reference; independent teacher denominator 0
t160-quality-20261007T013645Z-cd518eac-15-IMP-CROSS-r3,IMP-CROSS,3,automatic,question_type_assisted_reference_match,ratio,0,0,,no_evaluable_reference,user-confirmed AI-assisted reference; independent teacher denominator 0
t160-quality-20261007T013645Z-cd518eac-15-IMP-CROSS-r3,IMP-CROSS,3,automatic,content_assisted_reference_match,ratio,1,1,1.0,observed_reference_comparison,user-confirmed AI-assisted reference; independent teacher denominator 0
t160-quality-20261007T013645Z-cd518eac-15-IMP-CROSS-r3,IMP-CROSS,3,automatic,options_assisted_reference_match,ratio,1,1,1.0,observed_reference_comparison,user-confirmed AI-assisted reference; independent teacher denominator 0
t160-quality-20261007T013645Z-cd518eac-15-IMP-CROSS-r3,IMP-CROSS,3,automatic,reference_answer_assisted_reference_match,ratio,1,1,1.0,observed_reference_comparison,user-confirmed AI-assisted reference; independent teacher denominator 0
t160-quality-20261007T013645Z-cd518eac-15-IMP-CROSS-r3,IMP-CROSS,3,automatic,analysis_assisted_reference_match,ratio,1,1,1.0,observed_reference_comparison,user-confirmed AI-assisted reference; independent teacher denominator 0
t160-quality-20261007T013645Z-cd518eac-15-IMP-CROSS-r3,IMP-CROSS,3,automatic,score_assisted_reference_match,ratio,1,1,1.0,observed_reference_comparison,user-confirmed AI-assisted reference; independent teacher denominator 0
t160-quality-20261007T013645Z-cd518eac-15-IMP-CROSS-r3,IMP-CROSS,3,automatic,scoring_rubric_assisted_reference_match,ratio,0,1,0.0,observed_reference_comparison,user-confirmed AI-assisted reference; independent teacher denominator 0
t160-quality-20261007T013645Z-cd518eac-15-IMP-CROSS-r3,IMP-CROSS,3,automatic,knowledge_points_assisted_reference_match,ratio,1,1,1.0,observed_reference_comparison,user-confirmed AI-assisted reference; independent teacher denominator 0
t160-quality-20261007T013645Z-cd518eac-15-IMP-CROSS-r3,IMP-CROSS,3,automatic,source_regions_assisted_reference_match,ratio,0,0,,no_evaluable_reference,user-confirmed AI-assisted reference; independent teacher denominator 0
t160-quality-20261007T013645Z-cd518eac-15-IMP-CROSS-r3,IMP-CROSS,3,automatic,assets_assisted_reference_match,ratio,0,1,0.0,observed_reference_comparison,user-confirmed AI-assisted reference; independent teacher denominator 0
t160-quality-20261007T013645Z-cd518eac-15-IMP-CROSS-r3,IMP-CROSS,3,assisted_corrected,question_number_assisted_reference_match,ratio,1,1,1.0,observed_reference_comparison,user-confirmed AI-assisted reference; independent teacher denominator 0
t160-quality-20261007T013645Z-cd518eac-15-IMP-CROSS-r3,IMP-CROSS,3,assisted_corrected,order_index_assisted_reference_match,ratio,1,1,1.0,observed_reference_comparison,user-confirmed AI-assisted reference; independent teacher denominator 0
t160-quality-20261007T013645Z-cd518eac-15-IMP-CROSS-r3,IMP-CROSS,3,assisted_corrected,source_page_numbers_assisted_reference_match,ratio,1,1,1.0,observed_reference_comparison,user-confirmed AI-assisted reference; independent teacher denominator 0
t160-quality-20261007T013645Z-cd518eac-15-IMP-CROSS-r3,IMP-CROSS,3,assisted_corrected,question_type_assisted_reference_match,ratio,0,0,,no_evaluable_reference,user-confirmed AI-assisted reference; independent teacher denominator 0
t160-quality-20261007T013645Z-cd518eac-15-IMP-CROSS-r3,IMP-CROSS,3,assisted_corrected,content_assisted_reference_match,ratio,1,1,1.0,observed_reference_comparison,user-confirmed AI-assisted reference; independent teacher denominator 0
t160-quality-20261007T013645Z-cd518eac-15-IMP-CROSS-r3,IMP-CROSS,3,assisted_corrected,options_assisted_reference_match,ratio,1,1,1.0,observed_reference_comparison,user-confirmed AI-assisted reference; independent teacher denominator 0
t160-quality-20261007T013645Z-cd518eac-15-IMP-CROSS-r3,IMP-CROSS,3,assisted_corrected,reference_answer_assisted_reference_match,ratio,1,1,1.0,observed_reference_comparison,user-confirmed AI-assisted reference; independent teacher denominator 0
t160-quality-20261007T013645Z-cd518eac-15-IMP-CROSS-r3,IMP-CROSS,3,assisted_corrected,analysis_assisted_reference_match,ratio,1,1,1.0,observed_reference_comparison,user-confirmed AI-assisted reference; independent teacher denominator 0
t160-quality-20261007T013645Z-cd518eac-15-IMP-CROSS-r3,IMP-CROSS,3,assisted_corrected,score_assisted_reference_match,ratio,1,1,1.0,observed_reference_comparison,user-confirmed AI-assisted reference; independent teacher denominator 0
t160-quality-20261007T013645Z-cd518eac-15-IMP-CROSS-r3,IMP-CROSS,3,assisted_corrected,scoring_rubric_assisted_reference_match,ratio,1,1,1.0,observed_reference_comparison,user-confirmed AI-assisted reference; independent teacher denominator 0
t160-quality-20261007T013645Z-cd518eac-15-IMP-CROSS-r3,IMP-CROSS,3,assisted_corrected,knowledge_points_assisted_reference_match,ratio,1,1,1.0,observed_reference_comparison,user-confirmed AI-assisted reference; independent teacher denominator 0
t160-quality-20261007T013645Z-cd518eac-15-IMP-CROSS-r3,IMP-CROSS,3,assisted_corrected,source_regions_assisted_reference_match,ratio,0,0,,no_evaluable_reference,user-confirmed AI-assisted reference; independent teacher denominator 0
t160-quality-20261007T013645Z-cd518eac-15-IMP-CROSS-r3,IMP-CROSS,3,assisted_corrected,assets_assisted_reference_match,ratio,0,1,0.0,observed_reference_comparison,user-confirmed AI-assisted reference; independent teacher denominator 0
