run_id,workload,case_id,temperature,repeat_index,warmup,action_kind,status,target_ms,elapsed_ms,target_met,started_at,ended_at,start_event,end_event,service_pid,measurement_source,measurement_ref
cross-cold-1,cross,IMP-CROSS,cold,1,False,page,success,500,543.1999999880791,False,2026-10-02T17:28:22.880Z,2026-10-02T17:28:23.423Z,native_target_option_pointerdown,target_page_and_fields_loaded_queue_idle_stable_double_raf,86288,browser_performance_now_passive_native_event_dom_image_double_raf,D:\YJX\MyCode\EduAgent\.cache\t160-acceptance-20261002\ui-correction\cross-cold-1-measured\browser-measurements.jsonl
cross-cold-2,cross,IMP-CROSS,cold,2,False,page,success,500,265,True,2026-10-02T17:28:56.180Z,2026-10-02T17:28:56.446Z,native_target_option_pointerdown,target_page_and_fields_loaded_queue_idle_stable_double_raf,79720,browser_performance_now_passive_native_event_dom_image_double_raf,D:\YJX\MyCode\EduAgent\.cache\t160-acceptance-20261002\ui-correction\cross-cold-2-measured\browser-measurements.jsonl
cross-cold-3,cross,IMP-CROSS,cold,3,False,page,success,500,564.5999999940395,False,2026-10-02T17:29:27.720Z,2026-10-02T17:29:28.285Z,native_target_option_pointerdown,target_page_and_fields_loaded_queue_idle_stable_double_raf,81724,browser_performance_now_passive_native_event_dom_image_double_raf,D:\YJX\MyCode\EduAgent\.cache\t160-acceptance-20261002\ui-correction\cross-cold-3-measured\browser-measurements.jsonl
cross-warmup,cross,IMP-CROSS,warm,0,True,page,success,500,276.09999999403954,True,2026-10-02T17:29:58.857Z,2026-10-02T17:29:59.133Z,native_target_option_pointerdown,target_page_and_fields_loaded_queue_idle_stable_double_raf,77968,browser_performance_now_passive_native_event_dom_image_double_raf,D:\YJX\MyCode\EduAgent\.cache\t160-acceptance-20261002\ui-correction\cross-warm-measured\browser-measurements.jsonl
cross-warm-1,cross,IMP-CROSS,warm,1,False,page,success,500,465.40000000596046,True,2026-10-02T17:30:08.463Z,2026-10-02T17:30:08.929Z,native_target_option_pointerdown,target_page_and_fields_loaded_queue_idle_stable_double_raf,77968,browser_performance_now_passive_native_event_dom_image_double_raf,D:\YJX\MyCode\EduAgent\.cache\t160-acceptance-20261002\ui-correction\cross-warm-measured\browser-measurements.jsonl
cross-warm-2,cross,IMP-CROSS,warm,2,False,page,success,500,568,False,2026-10-02T17:30:17.621Z,2026-10-02T17:30:18.189Z,native_target_option_pointerdown,target_page_and_fields_loaded_queue_idle_stable_double_raf,77968,browser_performance_now_passive_native_event_dom_image_double_raf,D:\YJX\MyCode\EduAgent\.cache\t160-acceptance-20261002\ui-correction\cross-warm-measured\browser-measurements.jsonl
cross-warm-3,cross,IMP-CROSS,warm,3,False,page,success,500,595.6999999880791,False,2026-10-02T17:30:27.477Z,2026-10-02T17:30:28.073Z,native_target_option_pointerdown,target_page_and_fields_loaded_queue_idle_stable_double_raf,77968,browser_performance_now_passive_native_event_dom_image_double_raf,D:\YJX\MyCode\EduAgent\.cache\t160-acceptance-20261002\ui-correction\cross-warm-measured\browser-measurements.jsonl
cross-warm-4,cross,IMP-CROSS,warm,4,False,page,success,500,663.7000000178814,False,2026-10-02T17:30:37.059Z,2026-10-02T17:30:37.723Z,native_target_option_pointerdown,target_page_and_fields_loaded_queue_idle_stable_double_raf,77968,browser_performance_now_passive_native_event_dom_image_double_raf,D:\YJX\MyCode\EduAgent\.cache\t160-acceptance-20261002\ui-correction\cross-warm-measured\browser-measurements.jsonl
cross-warm-5,cross,IMP-CROSS,warm,5,False,page,success,500,855.1000000238419,False,2026-10-02T17:30:45.708Z,2026-10-02T17:30:46.564Z,native_target_option_pointerdown,target_page_and_fields_loaded_queue_idle_stable_double_raf,77968,browser_performance_now_passive_native_event_dom_image_double_raf,D:\YJX\MyCode\EduAgent\.cache\t160-acceptance-20261002\ui-correction\cross-warm-measured\browser-measurements.jsonl
figure-cold-1,figure,IMP-IMAGE,cold,1,False,question,success,500,776.6999999880791,False,2026-10-02T17:25:24.815Z,2026-10-02T17:25:25.592Z,native_target_option_pointerdown,target_page_and_fields_loaded_queue_idle_stable_double_raf,78004,browser_performance_now_passive_native_event_dom_image_double_raf,D:\YJX\MyCode\EduAgent\.cache\t160-acceptance-20261002\ui-correction\figure-cold-1-measured\browser-measurements.jsonl
figure-cold-2,figure,IMP-IMAGE,cold,2,False,question,success,500,768.0999999940395,False,2026-10-02T17:25:54.406Z,2026-10-02T17:25:55.175Z,native_target_option_pointerdown,target_page_and_fields_loaded_queue_idle_stable_double_raf,75884,browser_performance_now_passive_native_event_dom_image_double_raf,D:\YJX\MyCode\EduAgent\.cache\t160-acceptance-20261002\ui-correction\figure-cold-2-measured\browser-measurements.jsonl
figure-cold-3,figure,IMP-IMAGE,cold,3,False,question,success,500,748.2000000178814,False,2026-10-02T17:26:30.247Z,2026-10-02T17:26:30.996Z,native_target_option_pointerdown,target_page_and_fields_loaded_queue_idle_stable_double_raf,82700,browser_performance_now_passive_native_event_dom_image_double_raf,D:\YJX\MyCode\EduAgent\.cache\t160-acceptance-20261002\ui-correction\figure-cold-3-measured\browser-measurements.jsonl
figure-warmup,figure,IMP-IMAGE,warm,0,True,question,success,500,790.3000000119209,False,2026-10-02T17:27:03.018Z,2026-10-02T17:27:03.808Z,native_target_option_pointerdown,target_page_and_fields_loaded_queue_idle_stable_double_raf,63028,browser_performance_now_passive_native_event_dom_image_double_raf,D:\YJX\MyCode\EduAgent\.cache\t160-acceptance-20261002\ui-correction\figure-warm-measured\browser-measurements.jsonl
figure-warm-1,figure,IMP-IMAGE,warm,1,False,question,success,500,811.1999999880791,False,2026-10-02T17:27:12.632Z,2026-10-02T17:27:13.443Z,native_target_option_pointerdown,target_page_and_fields_loaded_queue_idle_stable_double_raf,63028,browser_performance_now_passive_native_event_dom_image_double_raf,D:\YJX\MyCode\EduAgent\.cache\t160-acceptance-20261002\ui-correction\figure-warm-measured\browser-measurements.jsonl
figure-warm-2,figure,IMP-IMAGE,warm,2,False,question,success,500,977.4000000059605,False,2026-10-02T17:27:22.857Z,2026-10-02T17:27:23.835Z,native_target_option_pointerdown,target_page_and_fields_loaded_queue_idle_stable_double_raf,63028,browser_performance_now_passive_native_event_dom_image_double_raf,D:\YJX\MyCode\EduAgent\.cache\t160-acceptance-20261002\ui-correction\figure-warm-measured\browser-measurements.jsonl
figure-warm-3,figure,IMP-IMAGE,warm,3,False,question,success,500,811.3000000119209,False,2026-10-02T17:27:32.553Z,2026-10-02T17:27:33.364Z,native_target_option_pointerdown,target_page_and_fields_loaded_queue_idle_stable_double_raf,63028,browser_performance_now_passive_native_event_dom_image_double_raf,D:\YJX\MyCode\EduAgent\.cache\t160-acceptance-20261002\ui-correction\figure-warm-measured\browser-measurements.jsonl
figure-warm-4,figure,IMP-IMAGE,warm,4,False,question,success,500,817.1999999880791,False,2026-10-02T17:27:44.055Z,2026-10-02T17:27:44.873Z,native_target_option_pointerdown,target_page_and_fields_loaded_queue_idle_stable_double_raf,63028,browser_performance_now_passive_native_event_dom_image_double_raf,D:\YJX\MyCode\EduAgent\.cache\t160-acceptance-20261002\ui-correction\figure-warm-measured\browser-measurements.jsonl
figure-warm-5,figure,IMP-IMAGE,warm,5,False,question,success,500,951.0999999940395,False,2026-10-02T17:27:53.786Z,2026-10-02T17:27:54.737Z,native_target_option_pointerdown,target_page_and_fields_loaded_queue_idle_stable_double_raf,63028,browser_performance_now_passive_native_event_dom_image_double_raf,D:\YJX\MyCode\EduAgent\.cache\t160-acceptance-20261002\ui-correction\figure-warm-measured\browser-measurements.jsonl
text-cold-1,text,IMP-TEXT,cold,1,False,question,success,500,686.2999999821186,False,2026-10-02T17:18:35.551Z,2026-10-02T17:18:36.237Z,native_target_option_pointerdown,target_page_and_fields_loaded_queue_idle_stable_double_raf,80796,browser_performance_now_passive_native_event_dom_image_double_raf,D:\YJX\MyCode\EduAgent\.cache\t160-acceptance-20261002\ui-correction\text-cold-1-measured\browser-measurements.jsonl
text-cold-2,text,IMP-TEXT,cold,2,False,question,success,500,687,False,2026-10-02T17:21:18.963Z,2026-10-02T17:21:19.650Z,native_target_option_pointerdown,target_page_and_fields_loaded_queue_idle_stable_double_raf,86584,browser_performance_now_passive_native_event_dom_image_double_raf,D:\YJX\MyCode\EduAgent\.cache\t160-acceptance-20261002\ui-correction\text-cold-2-measured\browser-measurements.jsonl
text-cold-3,text,IMP-TEXT,cold,3,False,question,success,500,635.2999999821186,False,2026-10-02T17:22:15.012Z,2026-10-02T17:22:15.647Z,native_target_option_pointerdown,target_page_and_fields_loaded_queue_idle_stable_double_raf,88756,browser_performance_now_passive_native_event_dom_image_double_raf,D:\YJX\MyCode\EduAgent\.cache\t160-acceptance-20261002\ui-correction\text-cold-3-measured\browser-measurements.jsonl
text-warmup,text,IMP-TEXT,warm,0,True,question,success,500,1432.4000000059605,False,2026-10-02T17:23:43.499Z,2026-10-02T17:23:44.932Z,native_target_option_pointerdown,target_page_and_fields_loaded_queue_idle_stable_double_raf,78708,browser_performance_now_passive_native_event_dom_image_double_raf,D:\YJX\MyCode\EduAgent\.cache\t160-acceptance-20261002\ui-correction\text-warm-measured\browser-measurements.jsonl
text-warm-1,text,IMP-TEXT,warm,1,False,question,success,500,1109.199999988079,False,2026-10-02T17:23:47.700Z,2026-10-02T17:23:48.810Z,native_target_option_pointerdown,target_page_and_fields_loaded_queue_idle_stable_double_raf,78708,browser_performance_now_passive_native_event_dom_image_double_raf,D:\YJX\MyCode\EduAgent\.cache\t160-acceptance-20261002\ui-correction\text-warm-measured\browser-measurements.jsonl
text-warm-2,text,IMP-TEXT,warm,2,False,question,success,500,886.5999999940395,False,2026-10-02T17:24:27.888Z,2026-10-02T17:24:28.775Z,native_target_option_pointerdown,target_page_and_fields_loaded_queue_idle_stable_double_raf,78708,browser_performance_now_passive_native_event_dom_image_double_raf,D:\YJX\MyCode\EduAgent\.cache\t160-acceptance-20261002\ui-correction\text-warm-measured\browser-measurements.jsonl
text-warm-3,text,IMP-TEXT,warm,3,False,question,success,500,862,False,2026-10-02T17:24:37.883Z,2026-10-02T17:24:38.746Z,native_target_option_pointerdown,target_page_and_fields_loaded_queue_idle_stable_double_raf,78708,browser_performance_now_passive_native_event_dom_image_double_raf,D:\YJX\MyCode\EduAgent\.cache\t160-acceptance-20261002\ui-correction\text-warm-measured\browser-measurements.jsonl
text-warm-4,text,IMP-TEXT,warm,4,False,question,success,500,912.7999999821186,False,2026-10-02T17:24:47.590Z,2026-10-02T17:24:48.502Z,native_target_option_pointerdown,target_page_and_fields_loaded_queue_idle_stable_double_raf,78708,browser_performance_now_passive_native_event_dom_image_double_raf,D:\YJX\MyCode\EduAgent\.cache\t160-acceptance-20261002\ui-correction\text-warm-measured\browser-measurements.jsonl
text-warm-5,text,IMP-TEXT,warm,5,False,question,success,500,838.5,False,2026-10-02T17:24:54.062Z,2026-10-02T17:24:54.901Z,native_target_option_pointerdown,target_page_and_fields_loaded_queue_idle_stable_double_raf,78708,browser_performance_now_passive_native_event_dom_image_double_raf,D:\YJX\MyCode\EduAgent\.cache\t160-acceptance-20261002\ui-correction\text-warm-measured\browser-measurements.jsonl
