case,mode,repetition,pid,status,business_success,configured_model,requested_models,response_models,terminal_elapsed_seconds,upload_seconds,logical_calls,provider_attempts,request_attempts,error_code,within_import_target,resource_complete,app_working_set_bytes,postgres_container_process_rss_bytes,redis_container_process_rss_bytes,simultaneous_observed_sum_bytes,raw_result
paper_text,cold,1,88300,Pending Review,True,deepseek-chat,"[""deepseek-chat""]","[""deepseek-flash""]",4.852210299985018,0.1168018999742344,1,1,1,,True,True,4395008,212287488,8581120,225263616,benchmark\results\v2\t160-assisted-20261003\import-performance\paper_text-cold-1\runs\cold-1.json
paper_text,cold,2,80572,Pending Review,True,deepseek-chat,"[""deepseek-chat""]","[""deepseek-flash""]",4.800541399978101,0.0935266999877058,1,1,1,,True,True,4395008,212561920,8581120,225538048,benchmark\results\v2\t160-assisted-20261003\import-performance\paper_text-cold-2\runs\cold-2.json
paper_text,cold,3,86724,Pending Review,True,deepseek-chat,"[""deepseek-chat""]","[""deepseek-flash""]",5.259018199983984,0.10342739999759942,1,1,1,,True,True,4395008,212574208,8589312,225558528,benchmark\results\v2\t160-assisted-20261003\import-performance\paper_text-cold-3\runs\cold-3.json
paper_text,warm,1,66488,Pending Review,True,deepseek-chat,"[""deepseek-chat""]","[""deepseek-flash""]",3.9473958000307903,0.0823571000364609,1,1,1,,True,True,4395008,212717568,8589312,225701888,benchmark\results\v2\t160-assisted-20261003\import-performance\paper_text-warm-group\runs\warm-1.json
paper_text,warm,2,66488,Pending Review,True,deepseek-chat,"[""deepseek-chat""]","[""deepseek-flash""]",3.8666237000143155,0.07779650000156835,1,1,1,,True,True,4395008,213057536,8589312,226041856,benchmark\results\v2\t160-assisted-20261003\import-performance\paper_text-warm-group\runs\warm-2.json
paper_text,warm,3,66488,Pending Review,True,deepseek-chat,"[""deepseek-chat""]","[""deepseek-flash""]",3.9227069999906234,0.08006549999117851,1,1,1,,True,True,4395008,213159936,8589312,226144256,benchmark\results\v2\t160-assisted-20261003\import-performance\paper_text-warm-group\runs\warm-3.json
paper_text,warm,4,66488,Pending Review,True,deepseek-chat,"[""deepseek-chat""]","[""deepseek-flash""]",3.479826900002081,0.08073240000521764,1,1,1,,True,True,4395008,213176320,8589312,226160640,benchmark\results\v2\t160-assisted-20261003\import-performance\paper_text-warm-group\runs\warm-4.json
paper_text,warm,5,66488,Pending Review,True,deepseek-chat,"[""deepseek-chat""]","[""deepseek-flash""]",4.2103803000063635,0.09537779999664053,1,1,1,,True,True,4382720,213196800,8589312,226168832,benchmark\results\v2\t160-assisted-20261003\import-performance\paper_text-warm-group\runs\warm-5.json
paper_text,warmup,1,66488,Failed,False,deepseek-chat,"[""deepseek-chat""]","[""deepseek-flash""]",5.783991499978583,0.09843029995681718,1,1,1,PAPER_EXTRACTION_FAILED,False,True,4395008,212574208,8589312,225558528,benchmark\results\v2\t160-assisted-20261003\import-performance\paper_text-warm-group\runs\warmup-1.json
workload_10_pages,cold,1,77860,Failed,False,deepseek-chat,"[""deepseek-chat""]","[""deepseek-flash""]",9.65320470003644,0.11276019999058917,3,3,3,PAPER_EXTRACTION_FAILED,False,True,4395008,225259520,8589312,238243840,benchmark\results\v2\t160-assisted-20261003\import-performance\workload_10_pages-cold-1\runs\cold-1.json
workload_10_pages,cold,2,89076,Failed,False,deepseek-chat,"[""deepseek-chat""]","[""deepseek-flash""]",9.477628500026185,0.09622890001628548,2,2,2,PAPER_EXTRACTION_FAILED,False,True,4395008,213327872,8589312,226312192,benchmark\results\v2\t160-assisted-20261003\import-performance\workload_10_pages-cold-2\runs\cold-2.json
workload_10_pages,cold,3,77464,Pending Review,True,deepseek-chat,"[""deepseek-chat""]","[""deepseek-flash""]",14.451447899977211,0.09641849994659424,5,5,5,,True,True,4390912,213213184,8589312,226193408,benchmark\results\v2\t160-assisted-20261003\import-performance\workload_10_pages-cold-3\runs\cold-3.json
workload_10_pages,warm,1,88784,Failed,False,deepseek-chat,"[""deepseek-chat""]","[""deepseek-flash""]",5.093777799978852,0.07830009999452159,1,1,1,PAPER_EXTRACTION_FAILED,False,True,4395008,213663744,8589312,226648064,benchmark\results\v2\t160-assisted-20261003\import-performance\workload_10_pages-warm-group\runs\warm-1.json
workload_10_pages,warm,2,88784,Pending Review,True,deepseek-chat,"[""deepseek-chat""]","[""deepseek-flash""]",14.331950600026175,0.07704490004107356,5,5,5,,True,True,4395008,213757952,8589312,226729984,benchmark\results\v2\t160-assisted-20261003\import-performance\workload_10_pages-warm-group\runs\warm-2.json
workload_10_pages,warm,3,88784,Failed,False,deepseek-chat,"[""deepseek-chat""]","[""deepseek-flash""]",5.170780699991155,0.0894319000071846,1,1,1,PAPER_EXTRACTION_FAILED,False,True,4382720,213762048,8589312,226734080,benchmark\results\v2\t160-assisted-20261003\import-performance\workload_10_pages-warm-group\runs\warm-3.json
workload_10_pages,warm,4,88784,Pending Review,True,deepseek-chat,"[""deepseek-chat""]","[""deepseek-flash""]",14.90518709999742,0.08510570001089945,5,5,5,,True,True,4382720,213966848,8589312,226938880,benchmark\results\v2\t160-assisted-20261003\import-performance\workload_10_pages-warm-group\runs\warm-4.json
workload_10_pages,warm,5,88784,Pending Review,True,deepseek-chat,"[""deepseek-chat""]","[""deepseek-flash""]",15.495716199977323,0.07820529997115955,5,5,5,,True,True,4382720,214048768,8589312,227020800,benchmark\results\v2\t160-assisted-20261003\import-performance\workload_10_pages-warm-group\runs\warm-5.json
workload_10_pages,warmup,1,88784,Failed,False,deepseek-chat,"[""deepseek-chat""]","[""deepseek-flash""]",13.350330000044778,0.0975488000549376,4,4,4,PAPER_EXTRACTION_FAILED,False,True,4395008,213626880,8589312,226611200,benchmark\results\v2\t160-assisted-20261003\import-performance\workload_10_pages-warm-group\runs\warmup-1.json
workload_50_pages,cold,1,86584,Failed,False,deepseek-chat,"[""deepseek-chat""]","[""deepseek-flash""]",11.778835399949457,0.10460729995975271,2,2,2,PAPER_EXTRACTION_FAILED,False,True,4390912,213393408,8589312,226373632,benchmark\results\v2\t160-assisted-20261003\import-performance\workload_50_pages-cold-1\runs\cold-1.json
workload_50_pages,cold,2,79312,Failed,False,deepseek-chat,"[""deepseek-chat""]","[""deepseek-flash""]",33.269269999989774,0.10386179998749867,11,11,11,PAPER_EXTRACTION_FAILED,False,True,4395008,213962752,8589312,226934784,benchmark\results\v2\t160-assisted-20261003\import-performance\workload_50_pages-cold-2\runs\cold-2.json
workload_50_pages,cold,3,88444,Failed,False,deepseek-chat,"[""deepseek-chat""]","[""deepseek-flash""]",12.45885910000652,0.10130199999548495,3,3,3,PAPER_EXTRACTION_FAILED,False,True,4395008,213590016,8589312,226574336,benchmark\results\v2\t160-assisted-20261003\import-performance\workload_50_pages-cold-3\runs\cold-3.json
workload_50_pages,warm,1,87932,Failed,False,deepseek-chat,"[""deepseek-chat""]","[""deepseek-flash""]",20.512913799961098,0.08589609997579828,6,6,6,PAPER_EXTRACTION_FAILED,False,True,4382720,214503424,8589312,227475456,benchmark\results\v2\t160-assisted-20261003\import-performance\workload_50_pages-warm-group\runs\warm-1.json
workload_50_pages,warm,2,87932,Failed,False,deepseek-chat,"[""deepseek-chat""]","[""deepseek-flash""]",12.404448800021783,0.08262000000104308,3,3,3,PAPER_EXTRACTION_FAILED,False,True,4382720,214839296,8589312,227811328,benchmark\results\v2\t160-assisted-20261003\import-performance\workload_50_pages-warm-group\runs\warm-2.json
workload_50_pages,warm,3,87932,Failed,False,deepseek-chat,"[""deepseek-chat""]","[""deepseek-flash""]",10.914415899955202,0.09849959996063262,2,2,2,PAPER_EXTRACTION_FAILED,False,True,4382720,214904832,8589312,227876864,benchmark\results\v2\t160-assisted-20261003\import-performance\workload_50_pages-warm-group\runs\warm-3.json
workload_50_pages,warm,4,87932,Failed,False,deepseek-chat,"[""deepseek-chat""]","[""deepseek-flash""]",15.76397289999295,0.08975540002575144,4,4,4,PAPER_EXTRACTION_FAILED,False,True,4382720,214917120,8589312,227889152,benchmark\results\v2\t160-assisted-20261003\import-performance\workload_50_pages-warm-group\runs\warm-4.json
workload_50_pages,warm,5,87932,Failed,False,deepseek-chat,"[""deepseek-chat""]","[""deepseek-flash""]",16.484325600031298,0.08360280003398657,5,5,5,PAPER_EXTRACTION_FAILED,False,True,4382720,214999040,8589312,227971072,benchmark\results\v2\t160-assisted-20261003\import-performance\workload_50_pages-warm-group\runs\warm-5.json
workload_50_pages,warmup,1,87932,Failed,False,deepseek-chat,"[""deepseek-chat""]","[""deepseek-flash""]",23.25329739996232,0.10068470000987872,7,7,7,PAPER_EXTRACTION_FAILED,False,True,4395008,214282240,8589312,227254272,benchmark\results\v2\t160-assisted-20261003\import-performance\workload_50_pages-warm-group\runs\warmup-1.json
