run_id,case_id,repeat_index,stage,start_event,end_event,elapsed_ms,measurement_source,status,target_ms,target_met,resource_complete,evidence_ref
t160-quality-20261007T014124Z-fbbe8ec7-01-IMP-TEXT-r1,IMP-TEXT,1,automatic,original_uploaded_durably,actual_pending_review_or_failed_read,4520.782999927178,same-process perf_counter,Pending Review,300000,True,True,runs\t160-quality-20261007T014124Z-fbbe8ec7-01-IMP-TEXT-r1\result.json
t160-quality-20261007T014124Z-fbbe8ec7-02-IMP-TEXT-r2,IMP-TEXT,2,automatic,original_uploaded_durably,actual_pending_review_or_failed_read,4397.852800088003,same-process perf_counter,Pending Review,300000,True,True,runs\t160-quality-20261007T014124Z-fbbe8ec7-02-IMP-TEXT-r2\result.json
t160-quality-20261007T014124Z-fbbe8ec7-03-IMP-TEXT-r3,IMP-TEXT,3,automatic,original_uploaded_durably,actual_pending_review_or_failed_read,3816.5350999915972,same-process perf_counter,Pending Review,300000,True,True,runs\t160-quality-20261007T014124Z-fbbe8ec7-03-IMP-TEXT-r3\result.json
t160-quality-20261007T014124Z-fbbe8ec7-04-IMP-SCAN-r1,IMP-SCAN,1,automatic,original_uploaded_durably,actual_pending_review_or_failed_read,7639.507499989122,same-process perf_counter,Pending Review,300000,True,True,runs\t160-quality-20261007T014124Z-fbbe8ec7-04-IMP-SCAN-r1\result.json
t160-quality-20261007T014124Z-fbbe8ec7-05-IMP-SCAN-r2,IMP-SCAN,2,automatic,original_uploaded_durably,actual_pending_review_or_failed_read,7034.285499947146,same-process perf_counter,Pending Review,300000,True,True,runs\t160-quality-20261007T014124Z-fbbe8ec7-05-IMP-SCAN-r2\result.json
t160-quality-20261007T014124Z-fbbe8ec7-06-IMP-SCAN-r3,IMP-SCAN,3,automatic,original_uploaded_durably,actual_pending_review_or_failed_read,7309.8788999486715,same-process perf_counter,Pending Review,300000,True,True,runs\t160-quality-20261007T014124Z-fbbe8ec7-06-IMP-SCAN-r3\result.json
t160-quality-20261007T014124Z-fbbe8ec7-07-IMP-IMAGE-r1,IMP-IMAGE,1,automatic,original_uploaded_durably,actual_pending_review_or_failed_read,7820.408700034022,same-process perf_counter,Pending Review,300000,True,True,runs\t160-quality-20261007T014124Z-fbbe8ec7-07-IMP-IMAGE-r1\result.json
t160-quality-20261007T014124Z-fbbe8ec7-08-IMP-IMAGE-r2,IMP-IMAGE,2,automatic,original_uploaded_durably,actual_pending_review_or_failed_read,7495.582900010049,same-process perf_counter,Pending Review,300000,True,True,runs\t160-quality-20261007T014124Z-fbbe8ec7-08-IMP-IMAGE-r2\result.json
t160-quality-20261007T014124Z-fbbe8ec7-09-IMP-IMAGE-r3,IMP-IMAGE,3,automatic,original_uploaded_durably,actual_pending_review_or_failed_read,8786.001500091515,same-process perf_counter,Pending Review,300000,True,True,runs\t160-quality-20261007T014124Z-fbbe8ec7-09-IMP-IMAGE-r3\result.json
t160-quality-20261007T014124Z-fbbe8ec7-10-IMP-MIXED-r1,IMP-MIXED,1,automatic,original_uploaded_durably,actual_pending_review_or_failed_read,8886.13879994955,same-process perf_counter,Pending Review,300000,True,True,runs\t160-quality-20261007T014124Z-fbbe8ec7-10-IMP-MIXED-r1\result.json
t160-quality-20261007T014124Z-fbbe8ec7-11-IMP-MIXED-r2,IMP-MIXED,2,automatic,original_uploaded_durably,actual_pending_review_or_failed_read,10084.156000055373,same-process perf_counter,Pending Review,300000,True,True,runs\t160-quality-20261007T014124Z-fbbe8ec7-11-IMP-MIXED-r2\result.json
t160-quality-20261007T014124Z-fbbe8ec7-12-IMP-MIXED-r3,IMP-MIXED,3,automatic,original_uploaded_durably,actual_pending_review_or_failed_read,8492.085900041275,same-process perf_counter,Pending Review,300000,True,True,runs\t160-quality-20261007T014124Z-fbbe8ec7-12-IMP-MIXED-r3\result.json
t160-quality-20261007T014124Z-fbbe8ec7-13-IMP-CROSS-r1,IMP-CROSS,1,automatic,original_uploaded_durably,actual_pending_review_or_failed_read,2749.2409999249503,same-process perf_counter,Pending Review,300000,True,False,runs\t160-quality-20261007T014124Z-fbbe8ec7-13-IMP-CROSS-r1\result.json
t160-quality-20261007T014124Z-fbbe8ec7-14-IMP-CROSS-r2,IMP-CROSS,2,automatic,original_uploaded_durably,actual_pending_review_or_failed_read,3228.6545000970364,same-process perf_counter,Pending Review,300000,True,False,runs\t160-quality-20261007T014124Z-fbbe8ec7-14-IMP-CROSS-r2\result.json
t160-quality-20261007T014124Z-fbbe8ec7-15-IMP-CROSS-r3,IMP-CROSS,3,automatic,original_uploaded_durably,actual_pending_review_or_failed_read,3052.6723000220954,same-process perf_counter,Pending Review,300000,True,True,runs\t160-quality-20261007T014124Z-fbbe8ec7-15-IMP-CROSS-r3\result.json
