run_id,case_id,repeat_index,stage,start_event,end_event,elapsed_ms,measurement_source,status,target_ms,target_met,resource_complete,evidence_ref
t160-quality-20261006T132017Z-9521b488-01-IMP-TEXT-r1,IMP-TEXT,1,automatic,original_uploaded_durably,actual_pending_review_or_failed_read,5032.014500000514,same-process perf_counter,Failed,300000,False,True,runs\t160-quality-20261006T132017Z-9521b488-01-IMP-TEXT-r1\result.json
t160-quality-20261006T132017Z-9521b488-02-IMP-TEXT-r2,IMP-TEXT,2,automatic,original_uploaded_durably,actual_pending_review_or_failed_read,4575.31690003816,same-process perf_counter,Failed,300000,False,True,runs\t160-quality-20261006T132017Z-9521b488-02-IMP-TEXT-r2\result.json
t160-quality-20261006T132017Z-9521b488-03-IMP-TEXT-r3,IMP-TEXT,3,automatic,original_uploaded_durably,actual_pending_review_or_failed_read,4542.295499937609,same-process perf_counter,Failed,300000,False,True,runs\t160-quality-20261006T132017Z-9521b488-03-IMP-TEXT-r3\result.json
t160-quality-20261006T132017Z-9521b488-04-IMP-SCAN-r1,IMP-SCAN,1,automatic,original_uploaded_durably,actual_pending_review_or_failed_read,8740.79419998452,same-process perf_counter,Failed,300000,False,True,runs\t160-quality-20261006T132017Z-9521b488-04-IMP-SCAN-r1\result.json
t160-quality-20261006T132017Z-9521b488-05-IMP-SCAN-r2,IMP-SCAN,2,automatic,original_uploaded_durably,actual_pending_review_or_failed_read,7714.127099956386,same-process perf_counter,Failed,300000,False,True,runs\t160-quality-20261006T132017Z-9521b488-05-IMP-SCAN-r2\result.json
t160-quality-20261006T132017Z-9521b488-06-IMP-SCAN-r3,IMP-SCAN,3,automatic,original_uploaded_durably,actual_pending_review_or_failed_read,8044.126800028607,same-process perf_counter,Failed,300000,False,True,runs\t160-quality-20261006T132017Z-9521b488-06-IMP-SCAN-r3\result.json
t160-quality-20261006T132017Z-9521b488-07-IMP-IMAGE-r1,IMP-IMAGE,1,automatic,original_uploaded_durably,actual_pending_review_or_failed_read,8281.457399949431,same-process perf_counter,Failed,300000,False,True,runs\t160-quality-20261006T132017Z-9521b488-07-IMP-IMAGE-r1\result.json
t160-quality-20261006T132017Z-9521b488-08-IMP-IMAGE-r2,IMP-IMAGE,2,automatic,original_uploaded_durably,actual_pending_review_or_failed_read,8214.113699970767,same-process perf_counter,Failed,300000,False,True,runs\t160-quality-20261006T132017Z-9521b488-08-IMP-IMAGE-r2\result.json
t160-quality-20261006T132017Z-9521b488-09-IMP-IMAGE-r3,IMP-IMAGE,3,automatic,original_uploaded_durably,actual_pending_review_or_failed_read,7876.185200060718,same-process perf_counter,Failed,300000,False,True,runs\t160-quality-20261006T132017Z-9521b488-09-IMP-IMAGE-r3\result.json
t160-quality-20261006T132017Z-9521b488-10-IMP-MIXED-r1,IMP-MIXED,1,automatic,original_uploaded_durably,actual_pending_review_or_failed_read,9639.493299997412,same-process perf_counter,Failed,300000,False,True,runs\t160-quality-20261006T132017Z-9521b488-10-IMP-MIXED-r1\result.json
t160-quality-20261006T132017Z-9521b488-11-IMP-MIXED-r2,IMP-MIXED,2,automatic,original_uploaded_durably,actual_pending_review_or_failed_read,9258.526399964467,same-process perf_counter,Failed,300000,False,True,runs\t160-quality-20261006T132017Z-9521b488-11-IMP-MIXED-r2\result.json
t160-quality-20261006T132017Z-9521b488-12-IMP-MIXED-r3,IMP-MIXED,3,automatic,original_uploaded_durably,actual_pending_review_or_failed_read,10426.348999957554,same-process perf_counter,Failed,300000,False,True,runs\t160-quality-20261006T132017Z-9521b488-12-IMP-MIXED-r3\result.json
t160-quality-20261006T132017Z-9521b488-13-IMP-CROSS-r1,IMP-CROSS,1,automatic,original_uploaded_durably,actual_pending_review_or_failed_read,3485.9147999668494,same-process perf_counter,Pending Review,300000,True,True,runs\t160-quality-20261006T132017Z-9521b488-13-IMP-CROSS-r1\result.json
t160-quality-20261006T132017Z-9521b488-14-IMP-CROSS-r2,IMP-CROSS,2,automatic,original_uploaded_durably,actual_pending_review_or_failed_read,3408.9797999477014,same-process perf_counter,Pending Review,300000,True,True,runs\t160-quality-20261006T132017Z-9521b488-14-IMP-CROSS-r2\result.json
t160-quality-20261006T132017Z-9521b488-15-IMP-CROSS-r3,IMP-CROSS,3,automatic,original_uploaded_durably,actual_pending_review_or_failed_read,3419.4788999157026,same-process perf_counter,Pending Review,300000,True,False,runs\t160-quality-20261006T132017Z-9521b488-15-IMP-CROSS-r3\result.json
