batch_id,run_id,case_id,repeat_index,stage,family,status,evidence_ref
t168-20261003,semantic-r1-SEM-ADAPT-GOOD,SEM-ADAPT-GOOD,1,automatic,semantic,completed,semantic/runs/semantic-r1-SEM-ADAPT-GOOD.json
t168-20261003,semantic-r1-SEM-ANSWER,SEM-ANSWER,1,automatic,semantic,completed,semantic/runs/semantic-r1-SEM-ANSWER.json
t168-20261003,semantic-r1-SEM-CLEAR-ADAPT-GOOD,SEM-CLEAR-ADAPT-GOOD,1,automatic,semantic,completed,semantic/runs/semantic-r1-SEM-CLEAR-ADAPT-GOOD.json
t168-20261003,semantic-r1-SEM-CLEAR-GOOD,SEM-CLEAR-GOOD,1,automatic,semantic,completed,semantic/runs/semantic-r1-SEM-CLEAR-GOOD.json
t168-20261003,semantic-r1-SEM-CLEAR-OPTIONS,SEM-CLEAR-OPTIONS,1,automatic,semantic,completed,semantic/runs/semantic-r1-SEM-CLEAR-OPTIONS.json
t168-20261003,semantic-r1-SEM-CONDITION,SEM-CONDITION,1,automatic,semantic,completed,semantic/runs/semantic-r1-SEM-CONDITION.json
t168-20261003,semantic-r1-SEM-GOOD,SEM-GOOD,1,automatic,semantic,completed,semantic/runs/semantic-r1-SEM-GOOD.json
t168-20261003,semantic-r1-SEM-NO-BASIS,SEM-NO-BASIS,1,automatic,semantic,input_not_ready,semantic/runs/semantic-r1-SEM-NO-BASIS.json
t168-20261003,semantic-r1-SEM-OPTIONS,SEM-OPTIONS,1,automatic,semantic,completed,semantic/runs/semantic-r1-SEM-OPTIONS.json
t168-20261003,semantic-r1-SEM-RUBRIC,SEM-RUBRIC,1,automatic,semantic,completed,semantic/runs/semantic-r1-SEM-RUBRIC.json
t168-20261003,semantic-r1-SEM-STALE,SEM-STALE,1,automatic,semantic,completed,semantic/runs/semantic-r1-SEM-STALE.json
t168-20261003,semantic-r2-SEM-ADAPT-GOOD,SEM-ADAPT-GOOD,2,automatic,semantic,completed,semantic/runs/semantic-r2-SEM-ADAPT-GOOD.json
t168-20261003,semantic-r2-SEM-ANSWER,SEM-ANSWER,2,automatic,semantic,completed,semantic/runs/semantic-r2-SEM-ANSWER.json
t168-20261003,semantic-r2-SEM-CLEAR-ADAPT-GOOD,SEM-CLEAR-ADAPT-GOOD,2,automatic,semantic,completed,semantic/runs/semantic-r2-SEM-CLEAR-ADAPT-GOOD.json
t168-20261003,semantic-r2-SEM-CLEAR-GOOD,SEM-CLEAR-GOOD,2,automatic,semantic,completed,semantic/runs/semantic-r2-SEM-CLEAR-GOOD.json
t168-20261003,semantic-r2-SEM-CLEAR-OPTIONS,SEM-CLEAR-OPTIONS,2,automatic,semantic,completed,semantic/runs/semantic-r2-SEM-CLEAR-OPTIONS.json
t168-20261003,semantic-r2-SEM-CONDITION,SEM-CONDITION,2,automatic,semantic,completed,semantic/runs/semantic-r2-SEM-CONDITION.json
t168-20261003,semantic-r2-SEM-GOOD,SEM-GOOD,2,automatic,semantic,completed,semantic/runs/semantic-r2-SEM-GOOD.json
t168-20261003,semantic-r2-SEM-NO-BASIS,SEM-NO-BASIS,2,automatic,semantic,input_not_ready,semantic/runs/semantic-r2-SEM-NO-BASIS.json
t168-20261003,semantic-r2-SEM-OPTIONS,SEM-OPTIONS,2,automatic,semantic,completed,semantic/runs/semantic-r2-SEM-OPTIONS.json
t168-20261003,semantic-r2-SEM-RUBRIC,SEM-RUBRIC,2,automatic,semantic,completed,semantic/runs/semantic-r2-SEM-RUBRIC.json
t168-20261003,semantic-r2-SEM-STALE,SEM-STALE,2,automatic,semantic,completed,semantic/runs/semantic-r2-SEM-STALE.json
t168-20261003,semantic-r3-SEM-ADAPT-GOOD,SEM-ADAPT-GOOD,3,automatic,semantic,completed,semantic/runs/semantic-r3-SEM-ADAPT-GOOD.json
t168-20261003,semantic-r3-SEM-ANSWER,SEM-ANSWER,3,automatic,semantic,completed,semantic/runs/semantic-r3-SEM-ANSWER.json
t168-20261003,semantic-r3-SEM-CLEAR-ADAPT-GOOD,SEM-CLEAR-ADAPT-GOOD,3,automatic,semantic,completed,semantic/runs/semantic-r3-SEM-CLEAR-ADAPT-GOOD.json
t168-20261003,semantic-r3-SEM-CLEAR-GOOD,SEM-CLEAR-GOOD,3,automatic,semantic,completed,semantic/runs/semantic-r3-SEM-CLEAR-GOOD.json
t168-20261003,semantic-r3-SEM-CLEAR-OPTIONS,SEM-CLEAR-OPTIONS,3,automatic,semantic,completed,semantic/runs/semantic-r3-SEM-CLEAR-OPTIONS.json
t168-20261003,semantic-r3-SEM-CONDITION,SEM-CONDITION,3,automatic,semantic,completed,semantic/runs/semantic-r3-SEM-CONDITION.json
t168-20261003,semantic-r3-SEM-GOOD,SEM-GOOD,3,automatic,semantic,completed,semantic/runs/semantic-r3-SEM-GOOD.json
t168-20261003,semantic-r3-SEM-NO-BASIS,SEM-NO-BASIS,3,automatic,semantic,input_not_ready,semantic/runs/semantic-r3-SEM-NO-BASIS.json
t168-20261003,semantic-r3-SEM-OPTIONS,SEM-OPTIONS,3,automatic,semantic,completed,semantic/runs/semantic-r3-SEM-OPTIONS.json
t168-20261003,semantic-r3-SEM-RUBRIC,SEM-RUBRIC,3,automatic,semantic,completed,semantic/runs/semantic-r3-SEM-RUBRIC.json
t168-20261003,semantic-r3-SEM-STALE,SEM-STALE,3,automatic,semantic,completed,semantic/runs/semantic-r3-SEM-STALE.json
t168-20261003,t168-vision-r1-img-figure-128cd5fa19cd,IMG-FIGURE,1,automatic,vision,completed,vision/t168-vision-r1-img-figure-128cd5fa19cd.json
t168-20261003,t168-vision-r1-img-table-9ac0a83bec54,IMG-TABLE,1,automatic,vision,completed,vision/t168-vision-r1-img-table-9ac0a83bec54.json
t168-20261003,t168-vision-r1-img-diagram-b354795d5918,IMG-DIAGRAM,1,automatic,vision,completed,vision/t168-vision-r1-img-diagram-b354795d5918.json
t168-20261003,t168-vision-r1-img-unclear-8027caea887c,IMG-UNCLEAR,1,automatic,vision,completed,vision/t168-vision-r1-img-unclear-8027caea887c.json
t168-20261003,t168-vision-r2-img-figure-9c66e5ed5dab,IMG-FIGURE,2,automatic,vision,completed,vision/t168-vision-r2-img-figure-9c66e5ed5dab.json
t168-20261003,t168-vision-r2-img-table-27b29c54df45,IMG-TABLE,2,automatic,vision,completed,vision/t168-vision-r2-img-table-27b29c54df45.json
t168-20261003,t168-vision-r2-img-diagram-c3d41699038a,IMG-DIAGRAM,2,automatic,vision,completed,vision/t168-vision-r2-img-diagram-c3d41699038a.json
t168-20261003,t168-vision-r2-img-unclear-1904a805815d,IMG-UNCLEAR,2,automatic,vision,completed,vision/t168-vision-r2-img-unclear-1904a805815d.json
t168-20261003,t168-vision-r3-img-figure-4f098aa94740,IMG-FIGURE,3,automatic,vision,completed,vision/t168-vision-r3-img-figure-4f098aa94740.json
t168-20261003,t168-vision-r3-img-table-9e430399a9dd,IMG-TABLE,3,automatic,vision,completed,vision/t168-vision-r3-img-table-9e430399a9dd.json
t168-20261003,t168-vision-r3-img-diagram-d769e4d74e2c,IMG-DIAGRAM,3,automatic,vision,completed,vision/t168-vision-r3-img-diagram-d769e4d74e2c.json
t168-20261003,t168-vision-r3-img-unclear-ec702d0253df,IMG-UNCLEAR,3,automatic,vision,completed,vision/t168-vision-r3-img-unclear-ec702d0253df.json
