batch_id,run_id,case_id,stage,metric,unit,numerator,denominator,value,status,reason,evidence_ref
t168-20261003,,,semantic_automatic,answer_correctness.coverage,ratio,22,24,0.9166666666666666,observed,repeated fixed cases; not independent sample expansion,semantic/semantic_checks.json
t168-20261003,,,semantic_automatic,answer_correctness.recall,ratio,6,6,1.0,observed,repeated fixed cases; not independent sample expansion,semantic/semantic_checks.json
t168-20261003,,,semantic_automatic,answer_correctness.false_negative_rate,ratio,0,6,0.0,observed,repeated fixed cases; not independent sample expansion,semantic/semantic_checks.json
t168-20261003,,,semantic_automatic,answer_correctness.false_positive_rate,ratio,4,16,0.25,observed,repeated fixed cases; not independent sample expansion,semantic/semantic_checks.json
t168-20261003,,,semantic_automatic,answer_correctness.positive_detection_over_planned,ratio,6,6,1.0,observed,repeated fixed cases; not independent sample expansion,semantic/semantic_checks.json
t168-20261003,,,semantic_automatic,condition_sufficiency.coverage,ratio,28,33,0.8484848484848485,observed,repeated fixed cases; not independent sample expansion,semantic/semantic_checks.json
t168-20261003,,,semantic_automatic,condition_sufficiency.recall,ratio,6,6,1.0,observed,repeated fixed cases; not independent sample expansion,semantic/semantic_checks.json
t168-20261003,,,semantic_automatic,condition_sufficiency.false_negative_rate,ratio,0,6,0.0,observed,repeated fixed cases; not independent sample expansion,semantic/semantic_checks.json
t168-20261003,,,semantic_automatic,condition_sufficiency.false_positive_rate,ratio,8,22,0.36363636363636365,observed,repeated fixed cases; not independent sample expansion,semantic/semantic_checks.json
t168-20261003,,,semantic_automatic,condition_sufficiency.positive_detection_over_planned,ratio,6,9,0.6666666666666666,observed,repeated fixed cases; not independent sample expansion,semantic/semantic_checks.json
t168-20261003,,,semantic_automatic,option_ambiguity.coverage,ratio,6,6,1.0,observed,repeated fixed cases; not independent sample expansion,semantic/semantic_checks.json
t168-20261003,,,semantic_automatic,option_ambiguity.recall,ratio,3,3,1.0,observed,repeated fixed cases; not independent sample expansion,semantic/semantic_checks.json
t168-20261003,,,semantic_automatic,option_ambiguity.false_negative_rate,ratio,0,3,0.0,observed,repeated fixed cases; not independent sample expansion,semantic/semantic_checks.json
t168-20261003,,,semantic_automatic,option_ambiguity.false_positive_rate,ratio,0,3,0.0,observed,repeated fixed cases; not independent sample expansion,semantic/semantic_checks.json
t168-20261003,,,semantic_automatic,option_ambiguity.positive_detection_over_planned,ratio,3,3,1.0,observed,repeated fixed cases; not independent sample expansion,semantic/semantic_checks.json
t168-20261003,,,semantic_automatic,rubric_clarity.coverage,ratio,15,18,0.8333333333333334,observed,repeated fixed cases; not independent sample expansion,semantic/semantic_checks.json
t168-20261003,,,semantic_automatic,rubric_clarity.recall,ratio,3,3,1.0,observed,repeated fixed cases; not independent sample expansion,semantic/semantic_checks.json
t168-20261003,,,semantic_automatic,rubric_clarity.false_negative_rate,ratio,0,3,0.0,observed,repeated fixed cases; not independent sample expansion,semantic/semantic_checks.json
t168-20261003,,,semantic_automatic,rubric_clarity.false_positive_rate,ratio,3,12,0.25,observed,repeated fixed cases; not independent sample expansion,semantic/semantic_checks.json
t168-20261003,,,semantic_automatic,rubric_clarity.positive_detection_over_planned,ratio,3,6,0.5,observed,repeated fixed cases; not independent sample expansion,semantic/semantic_checks.json
t168-20261003,,,semantic_automatic,coverage_total,ratio,71,81,0.8765432098765432,observed,repeated fixed cases; not independent sample expansion,semantic/semantic_checks.json
t168-20261003,round-1,,vision_automatic,condition_precision,ratio,10,10,1.0,observed,repeated fixed cases; not independent sample expansion,vision/condition_review.json
t168-20261003,round-1,,vision_automatic,condition_completeness,ratio,10,11,0.9090909090909091,observed,repeated fixed cases; not independent sample expansion,vision/condition_review.json
t168-20261003,round-2,,vision_automatic,condition_precision,ratio,11,12,0.9166666666666666,observed,repeated fixed cases; not independent sample expansion,vision/condition_review.json
t168-20261003,round-2,,vision_automatic,condition_completeness,ratio,11,11,1.0,observed,repeated fixed cases; not independent sample expansion,vision/condition_review.json
t168-20261003,round-3,,vision_automatic,condition_precision,ratio,11,11,1.0,observed,repeated fixed cases; not independent sample expansion,vision/condition_review.json
t168-20261003,round-3,,vision_automatic,condition_completeness,ratio,11,11,1.0,observed,repeated fixed cases; not independent sample expansion,vision/condition_review.json
t168-20261003,,,vision_automatic,condition_precision,ratio,32,33,0.9696969696969697,observed,repeated fixed cases; not independent sample expansion,vision/condition_review.json
t168-20261003,,,vision_automatic,condition_completeness,ratio,32,33,0.9696969696969697,observed,repeated fixed cases; not independent sample expansion,vision/condition_review.json
t168-20261003,,,vision_manual_handoff,unclear_handoff_correct,ratio,3,3,1.0,observed,repeated fixed cases; not independent sample expansion,vision/condition_review.json
t168-20261003,,,import_automatic,strict_question_number_reference_match,ratio,48,48,1.0,observed,repeated fixed cases; not independent sample expansion,import/fields.csv
t168-20261003,,,import_automatic,strict_order_index_reference_match,ratio,45,48,0.9375,observed,repeated fixed cases; not independent sample expansion,import/fields.csv
t168-20261003,,,import_automatic,strict_source_page_numbers_reference_match,ratio,48,48,1.0,observed,repeated fixed cases; not independent sample expansion,import/fields.csv
t168-20261003,,,import_automatic,strict_question_type_reference_match,ratio,45,45,1.0,observed,repeated fixed cases; not independent sample expansion,import/fields.csv
t168-20261003,,,import_automatic,strict_content_reference_match,ratio,6,48,0.125,observed,repeated fixed cases; not independent sample expansion,import/fields.csv
t168-20261003,,,import_automatic,strict_options_reference_match,ratio,45,48,0.9375,observed,repeated fixed cases; not independent sample expansion,import/fields.csv
t168-20261003,,,import_automatic,strict_reference_answer_reference_match,ratio,48,48,1.0,observed,repeated fixed cases; not independent sample expansion,import/fields.csv
t168-20261003,,,import_automatic,strict_analysis_reference_match,ratio,39,48,0.8125,observed,repeated fixed cases; not independent sample expansion,import/fields.csv
t168-20261003,,,import_automatic,strict_score_reference_match,ratio,48,48,1.0,observed,repeated fixed cases; not independent sample expansion,import/fields.csv
t168-20261003,,,import_automatic,strict_scoring_rubric_reference_match,ratio,38,48,0.7916666666666666,observed,repeated fixed cases; not independent sample expansion,import/fields.csv
t168-20261003,,,import_automatic,strict_knowledge_points_reference_match,ratio,15,48,0.3125,observed,repeated fixed cases; not independent sample expansion,import/fields.csv
t168-20261003,,,import_automatic,strict_source_regions_reference_match,ratio,0,0,,no_evaluable_data,repeated fixed cases; not independent sample expansion,import/fields.csv
t168-20261003,,,import_automatic,strict_assets_reference_match,ratio,0,48,0.0,observed,repeated fixed cases; not independent sample expansion,import/fields.csv
t168-20261003,,,import_automatic,all_evaluable_fields_match,ratio,0,48,0.0,observed,repeated fixed cases; not independent sample expansion,import/summary.json
t168-20261003,,,import_assisted_corrected,strict_question_number_reference_match,ratio,48,48,1.0,observed,repeated fixed cases; not independent sample expansion,import/fields.csv
t168-20261003,,,import_assisted_corrected,strict_order_index_reference_match,ratio,48,48,1.0,observed,repeated fixed cases; not independent sample expansion,import/fields.csv
t168-20261003,,,import_assisted_corrected,strict_source_page_numbers_reference_match,ratio,48,48,1.0,observed,repeated fixed cases; not independent sample expansion,import/fields.csv
t168-20261003,,,import_assisted_corrected,strict_question_type_reference_match,ratio,45,45,1.0,observed,repeated fixed cases; not independent sample expansion,import/fields.csv
t168-20261003,,,import_assisted_corrected,strict_content_reference_match,ratio,48,48,1.0,observed,repeated fixed cases; not independent sample expansion,import/fields.csv
t168-20261003,,,import_assisted_corrected,strict_options_reference_match,ratio,48,48,1.0,observed,repeated fixed cases; not independent sample expansion,import/fields.csv
t168-20261003,,,import_assisted_corrected,strict_reference_answer_reference_match,ratio,48,48,1.0,observed,repeated fixed cases; not independent sample expansion,import/fields.csv
t168-20261003,,,import_assisted_corrected,strict_analysis_reference_match,ratio,48,48,1.0,observed,repeated fixed cases; not independent sample expansion,import/fields.csv
t168-20261003,,,import_assisted_corrected,strict_score_reference_match,ratio,48,48,1.0,observed,repeated fixed cases; not independent sample expansion,import/fields.csv
t168-20261003,,,import_assisted_corrected,strict_scoring_rubric_reference_match,ratio,48,48,1.0,observed,repeated fixed cases; not independent sample expansion,import/fields.csv
t168-20261003,,,import_assisted_corrected,strict_knowledge_points_reference_match,ratio,48,48,1.0,observed,repeated fixed cases; not independent sample expansion,import/fields.csv
t168-20261003,,,import_assisted_corrected,strict_source_regions_reference_match,ratio,0,0,,no_evaluable_data,repeated fixed cases; not independent sample expansion,import/fields.csv
t168-20261003,,,import_assisted_corrected,strict_assets_reference_match,ratio,15,48,0.3125,observed,repeated fixed cases; not independent sample expansion,import/fields.csv
t168-20261003,,,import_assisted_corrected,all_evaluable_fields_match,ratio,15,48,0.3125,observed,repeated fixed cases; not independent sample expansion,import/summary.json
t168-20261003,,,import_after_image_assistance,strict_question_number_reference_match,ratio,48,48,1.0,observed,repeated fixed cases; not independent sample expansion,import/fields.csv
t168-20261003,,,import_after_image_assistance,strict_order_index_reference_match,ratio,48,48,1.0,observed,repeated fixed cases; not independent sample expansion,import/fields.csv
t168-20261003,,,import_after_image_assistance,strict_source_page_numbers_reference_match,ratio,48,48,1.0,observed,repeated fixed cases; not independent sample expansion,import/fields.csv
t168-20261003,,,import_after_image_assistance,strict_question_type_reference_match,ratio,45,45,1.0,observed,repeated fixed cases; not independent sample expansion,import/fields.csv
t168-20261003,,,import_after_image_assistance,strict_content_reference_match,ratio,48,48,1.0,observed,repeated fixed cases; not independent sample expansion,import/fields.csv
t168-20261003,,,import_after_image_assistance,strict_options_reference_match,ratio,48,48,1.0,observed,repeated fixed cases; not independent sample expansion,import/fields.csv
t168-20261003,,,import_after_image_assistance,strict_reference_answer_reference_match,ratio,48,48,1.0,observed,repeated fixed cases; not independent sample expansion,import/fields.csv
t168-20261003,,,import_after_image_assistance,strict_analysis_reference_match,ratio,48,48,1.0,observed,repeated fixed cases; not independent sample expansion,import/fields.csv
t168-20261003,,,import_after_image_assistance,strict_score_reference_match,ratio,48,48,1.0,observed,repeated fixed cases; not independent sample expansion,import/fields.csv
t168-20261003,,,import_after_image_assistance,strict_scoring_rubric_reference_match,ratio,48,48,1.0,observed,repeated fixed cases; not independent sample expansion,import/fields.csv
t168-20261003,,,import_after_image_assistance,strict_knowledge_points_reference_match,ratio,48,48,1.0,observed,repeated fixed cases; not independent sample expansion,import/fields.csv
t168-20261003,,,import_after_image_assistance,strict_source_regions_reference_match,ratio,0,0,,no_evaluable_data,repeated fixed cases; not independent sample expansion,import/fields.csv
t168-20261003,,,import_after_image_assistance,strict_assets_reference_match,ratio,48,48,1.0,observed,repeated fixed cases; not independent sample expansion,import/fields.csv
t168-20261003,,,import_after_image_assistance,all_evaluable_fields_match,ratio,48,48,1.0,observed,repeated fixed cases; not independent sample expansion,import/summary.json
