batch_id,run_id,case_id,stage,workload,cold_warm,start_event,end_event,started_at_utc,completed_at_utc,elapsed_ms,timing_source,target,target_met,resource_complete,reason,evidence_ref
t168-20261003,semantic-r1-SEM-ADAPT-GOOD,SEM-ADAPT-GOOD,automatic,semantic,quality_repeat,application Provider boundary,validated output or actual failure/input block,2026-10-03T14:45:11.006764+00:00,2026-10-03T14:45:14.290912+00:00,3284.116900002118,perf_counter,,,,quality calls; no performance/resource acceptance claim,semantic/runs/semantic-r1-SEM-ADAPT-GOOD.json
t168-20261003,semantic-r1-SEM-ANSWER,SEM-ANSWER,automatic,semantic,quality_repeat,application Provider boundary,validated output or actual failure/input block,2026-10-03T14:45:00.660658+00:00,2026-10-03T14:45:02.805057+00:00,2144.3636000039987,perf_counter,,,,quality calls; no performance/resource acceptance claim,semantic/runs/semantic-r1-SEM-ANSWER.json
t168-20261003,semantic-r1-SEM-CLEAR-ADAPT-GOOD,SEM-CLEAR-ADAPT-GOOD,automatic,semantic,quality_repeat,application Provider boundary,validated output or actual failure/input block,2026-10-03T14:45:19.231361+00:00,2026-10-03T14:45:21.314740+00:00,2083.3493000245653,perf_counter,,,,quality calls; no performance/resource acceptance claim,semantic/runs/semantic-r1-SEM-CLEAR-ADAPT-GOOD.json
t168-20261003,semantic-r1-SEM-CLEAR-GOOD,SEM-CLEAR-GOOD,automatic,semantic,quality_repeat,application Provider boundary,validated output or actual failure/input block,2026-10-03T14:45:17.029594+00:00,2026-10-03T14:45:19.228791+00:00,2199.175000016112,perf_counter,,,,quality calls; no performance/resource acceptance claim,semantic/runs/semantic-r1-SEM-CLEAR-GOOD.json
t168-20261003,semantic-r1-SEM-CLEAR-OPTIONS,SEM-CLEAR-OPTIONS,automatic,semantic,quality_repeat,application Provider boundary,validated output or actual failure/input block,2026-10-03T14:45:21.316691+00:00,2026-10-03T14:45:23.380541+00:00,2063.8300999999046,perf_counter,,,,quality calls; no performance/resource acceptance claim,semantic/runs/semantic-r1-SEM-CLEAR-OPTIONS.json
t168-20261003,semantic-r1-SEM-CONDITION,SEM-CONDITION,automatic,semantic,quality_repeat,application Provider boundary,validated output or actual failure/input block,2026-10-03T14:45:02.807811+00:00,2026-10-03T14:45:05.105594+00:00,2297.747000004165,perf_counter,,,,quality calls; no performance/resource acceptance claim,semantic/runs/semantic-r1-SEM-CONDITION.json
t168-20261003,semantic-r1-SEM-GOOD,SEM-GOOD,automatic,semantic,quality_repeat,application Provider boundary,validated output or actual failure/input block,2026-10-03T14:44:55.160127+00:00,2026-10-03T14:45:00.657829+00:00,5497.691700002179,perf_counter,,,,quality calls; no performance/resource acceptance claim,semantic/runs/semantic-r1-SEM-GOOD.json
t168-20261003,semantic-r1-SEM-NO-BASIS,SEM-NO-BASIS,automatic,semantic,quality_repeat,application Provider boundary,validated output or actual failure/input block,2026-10-03T14:45:17.027186+00:00,2026-10-03T14:45:17.027273+00:00,0.04409998655319214,perf_counter,,,,quality calls; no performance/resource acceptance claim,semantic/runs/semantic-r1-SEM-NO-BASIS.json
t168-20261003,semantic-r1-SEM-OPTIONS,SEM-OPTIONS,automatic,semantic,quality_repeat,application Provider boundary,validated output or actual failure/input block,2026-10-03T14:45:05.107596+00:00,2026-10-03T14:45:07.961214+00:00,2853.5914000240155,perf_counter,,,,quality calls; no performance/resource acceptance claim,semantic/runs/semantic-r1-SEM-OPTIONS.json
t168-20261003,semantic-r1-SEM-RUBRIC,SEM-RUBRIC,automatic,semantic,quality_repeat,application Provider boundary,validated output or actual failure/input block,2026-10-03T14:45:07.963514+00:00,2026-10-03T14:45:11.004112+00:00,3040.59230000712,perf_counter,,,,quality calls; no performance/resource acceptance claim,semantic/runs/semantic-r1-SEM-RUBRIC.json
t168-20261003,semantic-r1-SEM-STALE,SEM-STALE,automatic,semantic,quality_repeat,application Provider boundary,validated output or actual failure/input block,2026-10-03T14:45:14.294456+00:00,2026-10-03T14:45:17.024092+00:00,2729.602099978365,perf_counter,,,,quality calls; no performance/resource acceptance claim,semantic/runs/semantic-r1-SEM-STALE.json
t168-20261003,semantic-r2-SEM-ADAPT-GOOD,SEM-ADAPT-GOOD,automatic,semantic,quality_repeat,application Provider boundary,validated output or actual failure/input block,2026-10-03T14:45:36.046394+00:00,2026-10-03T14:45:39.462868+00:00,3416.4414000115357,perf_counter,,,,quality calls; no performance/resource acceptance claim,semantic/runs/semantic-r2-SEM-ADAPT-GOOD.json
t168-20261003,semantic-r2-SEM-ANSWER,SEM-ANSWER,automatic,semantic,quality_repeat,application Provider boundary,validated output or actual failure/input block,2026-10-03T14:45:25.302889+00:00,2026-10-03T14:45:27.934640+00:00,2631.7188999964856,perf_counter,,,,quality calls; no performance/resource acceptance claim,semantic/runs/semantic-r2-SEM-ANSWER.json
t168-20261003,semantic-r2-SEM-CLEAR-ADAPT-GOOD,SEM-CLEAR-ADAPT-GOOD,automatic,semantic,quality_repeat,application Provider boundary,validated output or actual failure/input block,2026-10-03T14:45:43.181830+00:00,2026-10-03T14:45:46.069434+00:00,2887.5624999636784,perf_counter,,,,quality calls; no performance/resource acceptance claim,semantic/runs/semantic-r2-SEM-CLEAR-ADAPT-GOOD.json
t168-20261003,semantic-r2-SEM-CLEAR-GOOD,SEM-CLEAR-GOOD,automatic,semantic,quality_repeat,application Provider boundary,validated output or actual failure/input block,2026-10-03T14:45:41.773882+00:00,2026-10-03T14:45:43.179170+00:00,1405.2631999948062,perf_counter,,,,quality calls; no performance/resource acceptance claim,semantic/runs/semantic-r2-SEM-CLEAR-GOOD.json
t168-20261003,semantic-r2-SEM-CLEAR-OPTIONS,SEM-CLEAR-OPTIONS,automatic,semantic,quality_repeat,application Provider boundary,validated output or actual failure/input block,2026-10-03T14:45:46.071603+00:00,2026-10-03T14:45:47.775742+00:00,1704.1055000154302,perf_counter,,,,quality calls; no performance/resource acceptance claim,semantic/runs/semantic-r2-SEM-CLEAR-OPTIONS.json
t168-20261003,semantic-r2-SEM-CONDITION,SEM-CONDITION,automatic,semantic,quality_repeat,application Provider boundary,validated output or actual failure/input block,2026-10-03T14:45:27.937381+00:00,2026-10-03T14:45:30.928620+00:00,2991.205699974671,perf_counter,,,,quality calls; no performance/resource acceptance claim,semantic/runs/semantic-r2-SEM-CONDITION.json
t168-20261003,semantic-r2-SEM-GOOD,SEM-GOOD,automatic,semantic,quality_repeat,application Provider boundary,validated output or actual failure/input block,2026-10-03T14:45:23.383015+00:00,2026-10-03T14:45:25.300394+00:00,1917.3656000057235,perf_counter,,,,quality calls; no performance/resource acceptance claim,semantic/runs/semantic-r2-SEM-GOOD.json
t168-20261003,semantic-r2-SEM-NO-BASIS,SEM-NO-BASIS,automatic,semantic,quality_repeat,application Provider boundary,validated output or actual failure/input block,2026-10-03T14:45:41.771403+00:00,2026-10-03T14:45:41.771513+00:00,0.051900045946240425,perf_counter,,,,quality calls; no performance/resource acceptance claim,semantic/runs/semantic-r2-SEM-NO-BASIS.json
t168-20261003,semantic-r2-SEM-OPTIONS,SEM-OPTIONS,automatic,semantic,quality_repeat,application Provider boundary,validated output or actual failure/input block,2026-10-03T14:45:30.930567+00:00,2026-10-03T14:45:33.639968+00:00,2709.3818999710493,perf_counter,,,,quality calls; no performance/resource acceptance claim,semantic/runs/semantic-r2-SEM-OPTIONS.json
t168-20261003,semantic-r2-SEM-RUBRIC,SEM-RUBRIC,automatic,semantic,quality_repeat,application Provider boundary,validated output or actual failure/input block,2026-10-03T14:45:33.642359+00:00,2026-10-03T14:45:36.044738+00:00,2402.355299971532,perf_counter,,,,quality calls; no performance/resource acceptance claim,semantic/runs/semantic-r2-SEM-RUBRIC.json
t168-20261003,semantic-r2-SEM-STALE,SEM-STALE,automatic,semantic,quality_repeat,application Provider boundary,validated output or actual failure/input block,2026-10-03T14:45:39.465346+00:00,2026-10-03T14:45:41.769654+00:00,2304.2691000155173,perf_counter,,,,quality calls; no performance/resource acceptance claim,semantic/runs/semantic-r2-SEM-STALE.json
t168-20261003,semantic-r3-SEM-ADAPT-GOOD,SEM-ADAPT-GOOD,automatic,semantic,quality_repeat,application Provider boundary,validated output or actual failure/input block,2026-10-03T14:46:00.145770+00:00,2026-10-03T14:46:03.131148+00:00,2985.3455999982543,perf_counter,,,,quality calls; no performance/resource acceptance claim,semantic/runs/semantic-r3-SEM-ADAPT-GOOD.json
t168-20261003,semantic-r3-SEM-ANSWER,SEM-ANSWER,automatic,semantic,quality_repeat,application Provider boundary,validated output or actual failure/input block,2026-10-03T14:45:49.928340+00:00,2026-10-03T14:45:52.234435+00:00,2306.066600023769,perf_counter,,,,quality calls; no performance/resource acceptance claim,semantic/runs/semantic-r3-SEM-ANSWER.json
t168-20261003,semantic-r3-SEM-CLEAR-ADAPT-GOOD,SEM-CLEAR-ADAPT-GOOD,automatic,semantic,quality_repeat,application Provider boundary,validated output or actual failure/input block,2026-10-03T14:46:07.489434+00:00,2026-10-03T14:46:09.573729+00:00,2084.2615000437945,perf_counter,,,,quality calls; no performance/resource acceptance claim,semantic/runs/semantic-r3-SEM-CLEAR-ADAPT-GOOD.json
t168-20261003,semantic-r3-SEM-CLEAR-GOOD,SEM-CLEAR-GOOD,automatic,semantic,quality_repeat,application Provider boundary,validated output or actual failure/input block,2026-10-03T14:46:05.634406+00:00,2026-10-03T14:46:07.487224+00:00,1852.8040000237525,perf_counter,,,,quality calls; no performance/resource acceptance claim,semantic/runs/semantic-r3-SEM-CLEAR-GOOD.json
t168-20261003,semantic-r3-SEM-CLEAR-OPTIONS,SEM-CLEAR-OPTIONS,automatic,semantic,quality_repeat,application Provider boundary,validated output or actual failure/input block,2026-10-03T14:46:09.576691+00:00,2026-10-03T14:46:11.199741+00:00,1623.0184999876656,perf_counter,,,,quality calls; no performance/resource acceptance claim,semantic/runs/semantic-r3-SEM-CLEAR-OPTIONS.json
t168-20261003,semantic-r3-SEM-CONDITION,SEM-CONDITION,automatic,semantic,quality_repeat,application Provider boundary,validated output or actual failure/input block,2026-10-03T14:45:52.237098+00:00,2026-10-03T14:45:55.010386+00:00,2773.2547000050545,perf_counter,,,,quality calls; no performance/resource acceptance claim,semantic/runs/semantic-r3-SEM-CONDITION.json
t168-20261003,semantic-r3-SEM-GOOD,SEM-GOOD,automatic,semantic,quality_repeat,application Provider boundary,validated output or actual failure/input block,2026-10-03T14:45:47.778951+00:00,2026-10-03T14:45:49.925960+00:00,2146.9692999962717,perf_counter,,,,quality calls; no performance/resource acceptance claim,semantic/runs/semantic-r3-SEM-GOOD.json
t168-20261003,semantic-r3-SEM-NO-BASIS,SEM-NO-BASIS,automatic,semantic,quality_repeat,application Provider boundary,validated output or actual failure/input block,2026-10-03T14:46:05.632424+00:00,2026-10-03T14:46:05.632476+00:00,0.020300038158893585,perf_counter,,,,quality calls; no performance/resource acceptance claim,semantic/runs/semantic-r3-SEM-NO-BASIS.json
t168-20261003,semantic-r3-SEM-OPTIONS,SEM-OPTIONS,automatic,semantic,quality_repeat,application Provider boundary,validated output or actual failure/input block,2026-10-03T14:45:55.012541+00:00,2026-10-03T14:45:57.829577+00:00,2817.014599975664,perf_counter,,,,quality calls; no performance/resource acceptance claim,semantic/runs/semantic-r3-SEM-OPTIONS.json
t168-20261003,semantic-r3-SEM-RUBRIC,SEM-RUBRIC,automatic,semantic,quality_repeat,application Provider boundary,validated output or actual failure/input block,2026-10-03T14:45:57.831576+00:00,2026-10-03T14:46:00.143790+00:00,2312.188999960199,perf_counter,,,,quality calls; no performance/resource acceptance claim,semantic/runs/semantic-r3-SEM-RUBRIC.json
t168-20261003,semantic-r3-SEM-STALE,SEM-STALE,automatic,semantic,quality_repeat,application Provider boundary,validated output or actual failure/input block,2026-10-03T14:46:03.133992+00:00,2026-10-03T14:46:05.630156+00:00,2496.0851999931037,perf_counter,,,,quality calls; no performance/resource acceptance claim,semantic/runs/semantic-r3-SEM-STALE.json
t168-20261003,t168-vision-r1-img-figure-128cd5fa19cd,IMG-FIGURE,automatic,vision,quality_repeat,application Provider boundary,validated output or actual failure/input block,2026-10-03T14:41:44.959834Z,2026-10-03T14:41:50.600673Z,5640.828,perf_counter,,,,quality calls; no performance/resource acceptance claim,vision/t168-vision-r1-img-figure-128cd5fa19cd.json
t168-20261003,t168-vision-r1-img-table-9ac0a83bec54,IMG-TABLE,automatic,vision,quality_repeat,application Provider boundary,validated output or actual failure/input block,2026-10-03T14:41:50.603619Z,2026-10-03T14:42:05.804817Z,15201.199,perf_counter,,,,quality calls; no performance/resource acceptance claim,vision/t168-vision-r1-img-table-9ac0a83bec54.json
t168-20261003,t168-vision-r1-img-diagram-b354795d5918,IMG-DIAGRAM,automatic,vision,quality_repeat,application Provider boundary,validated output or actual failure/input block,2026-10-03T14:42:05.809552Z,2026-10-03T14:42:16.646194Z,10836.617,perf_counter,,,,quality calls; no performance/resource acceptance claim,vision/t168-vision-r1-img-diagram-b354795d5918.json
t168-20261003,t168-vision-r1-img-unclear-8027caea887c,IMG-UNCLEAR,automatic,vision,quality_repeat,application Provider boundary,validated output or actual failure/input block,2026-10-03T14:42:16.649265Z,2026-10-03T14:42:23.818568Z,7169.287,perf_counter,,,,quality calls; no performance/resource acceptance claim,vision/t168-vision-r1-img-unclear-8027caea887c.json
t168-20261003,t168-vision-r2-img-figure-9c66e5ed5dab,IMG-FIGURE,automatic,vision,quality_repeat,application Provider boundary,validated output or actual failure/input block,2026-10-03T14:42:23.821473Z,2026-10-03T14:42:39.933809Z,16112.332,perf_counter,,,,quality calls; no performance/resource acceptance claim,vision/t168-vision-r2-img-figure-9c66e5ed5dab.json
t168-20261003,t168-vision-r2-img-table-27b29c54df45,IMG-TABLE,automatic,vision,quality_repeat,application Provider boundary,validated output or actual failure/input block,2026-10-03T14:42:39.938578Z,2026-10-03T14:42:54.290287Z,14351.69,perf_counter,,,,quality calls; no performance/resource acceptance claim,vision/t168-vision-r2-img-table-27b29c54df45.json
t168-20261003,t168-vision-r2-img-diagram-c3d41699038a,IMG-DIAGRAM,automatic,vision,quality_repeat,application Provider boundary,validated output or actual failure/input block,2026-10-03T14:42:54.294897Z,2026-10-03T14:43:12.606688Z,18311.764,perf_counter,,,,quality calls; no performance/resource acceptance claim,vision/t168-vision-r2-img-diagram-c3d41699038a.json
t168-20261003,t168-vision-r2-img-unclear-1904a805815d,IMG-UNCLEAR,automatic,vision,quality_repeat,application Provider boundary,validated output or actual failure/input block,2026-10-03T14:43:12.611780Z,2026-10-03T14:43:23.646812Z,11035.02,perf_counter,,,,quality calls; no performance/resource acceptance claim,vision/t168-vision-r2-img-unclear-1904a805815d.json
t168-20261003,t168-vision-r3-img-figure-4f098aa94740,IMG-FIGURE,automatic,vision,quality_repeat,application Provider boundary,validated output or actual failure/input block,2026-10-03T14:43:23.650687Z,2026-10-03T14:43:39.850545Z,16199.845,perf_counter,,,,quality calls; no performance/resource acceptance claim,vision/t168-vision-r3-img-figure-4f098aa94740.json
t168-20261003,t168-vision-r3-img-table-9e430399a9dd,IMG-TABLE,automatic,vision,quality_repeat,application Provider boundary,validated output or actual failure/input block,2026-10-03T14:43:39.855616Z,2026-10-03T14:44:00.149413Z,20293.787,perf_counter,,,,quality calls; no performance/resource acceptance claim,vision/t168-vision-r3-img-table-9e430399a9dd.json
t168-20261003,t168-vision-r3-img-diagram-d769e4d74e2c,IMG-DIAGRAM,automatic,vision,quality_repeat,application Provider boundary,validated output or actual failure/input block,2026-10-03T14:44:00.153715Z,2026-10-03T14:44:03.014374Z,2860.645,perf_counter,,,,quality calls; no performance/resource acceptance claim,vision/t168-vision-r3-img-diagram-d769e4d74e2c.json
t168-20261003,t168-vision-r3-img-unclear-ec702d0253df,IMG-UNCLEAR,automatic,vision,quality_repeat,application Provider boundary,validated output or actual failure/input block,2026-10-03T14:44:03.020088Z,2026-10-03T14:44:14.508484Z,11488.38,perf_counter,,,,quality calls; no performance/resource acceptance claim,vision/t168-vision-r3-img-unclear-ec702d0253df.json
