batch,mode,repeat,elapsed_seconds,target_seconds_exclusive,met
startup-sdk,first,1,11.026401599985547,30,True
startup-sdk,first,2,10.733228099998087,30,True
startup-sdk,first,3,10.90741640003398,30,True
startup-sdk,subsequent,1,10.779810599982738,10,False
startup-sdk,subsequent,2,10.930527499993332,10,False
startup-sdk,subsequent,3,10.651803199900314,10,False
startup-sdk,subsequent,4,9.929330899962224,10,True
startup-sdk,subsequent,5,10.878523500054143,10,False
startup-gradio,first,1,10.160748400026932,30,True
startup-gradio,first,2,9.738241499988362,30,True
startup-gradio,first,3,10.515475699910894,30,True
startup-gradio,subsequent,1,9.567496899981052,10,True
startup-gradio,subsequent,2,9.435398099943995,10,True
startup-gradio,subsequent,3,10.457306800060906,10,False
startup-gradio,subsequent,4,9.6896336999489,10,True
startup-gradio,subsequent,5,9.73127420002129,10,True
startup-final,first,1,9.670336000039242,30,True
startup-final,first,2,9.031900499947369,30,True
startup-final,first,3,9.005392099963501,30,True
startup-final,subsequent,1,8.865277200005949,10,True
startup-final,subsequent,2,8.353497800067998,10,True
startup-final,subsequent,3,8.83590920001734,10,True
startup-final,subsequent,4,8.30716470000334,10,True
startup-final,subsequent,5,8.805475400062278,10,True
