run_id,repeat_index,case_id,stage,check_kind,applicable,expected_problem,predicted_problem,model_verdict,status,reason,evidence_ref
semantic-r1-SEM-GOOD,1,SEM-GOOD,automatic,answer_correctness,True,False,False,pass,completed,证据4391047c-d24c-58c7-95b7-4e7b4fe6cb63明确给出一次函数y=2x+1，代入x=3得y=7，与参考答案7一致，计算正确。,runs/semantic-r1-SEM-GOOD.json
semantic-r1-SEM-GOOD,1,SEM-GOOD,automatic,condition_sufficiency,True,False,False,pass,completed,题目给出函数关系y=2x+1和x=3，两个条件已足够唯一求出y=7，与证据4391047c-d24c-58c7-95b7-4e7b4fe6cb63中的教学依据吻合。,runs/semantic-r1-SEM-GOOD.json
semantic-r1-SEM-GOOD,1,SEM-GOOD,automatic,option_ambiguity,False,False,False,pass,completed,本题题型为SHORT_ANSWER，options字段为null，无选择题选项，因此不涉及选项歧义（not-applicable）。,runs/semantic-r1-SEM-GOOD.json
semantic-r1-SEM-GOOD,1,SEM-GOOD,automatic,rubric_clarity,True,,True,fail,completed,评分标准仅为“代入计算，5.00 分。”，只描述了作答方式和总分，未说明答案正确得满分、错误得零分等具体得分点或评分细则，评分依据不明确。,runs/semantic-r1-SEM-GOOD.json
semantic-r1-SEM-ANSWER,1,SEM-ANSWER,automatic,answer_correctness,True,True,True,fail,completed,参考答案为 6，但教学依据明确给出：一次函数 y=2x+1，代入 x=3 得 y=7。二者矛盾，因此拟议答案不正确。,runs/semantic-r1-SEM-ANSWER.json
semantic-r1-SEM-ANSWER,1,SEM-ANSWER,automatic,condition_sufficiency,True,False,False,pass,completed,题目给出了函数关系 y=2x+1 与自变量 x=3，条件足以唯一确定 y 的值；教学依据也确认代入 x=3 得 y=7。,runs/semantic-r1-SEM-ANSWER.json
semantic-r1-SEM-ANSWER,1,SEM-ANSWER,automatic,option_ambiguity,False,False,False,pass,completed,本题为 SHORT_ANSWER（简答题），options 为 null，不涉及选项歧义问题。,runs/semantic-r1-SEM-ANSWER.json
semantic-r1-SEM-ANSWER,1,SEM-ANSWER,automatic,rubric_clarity,True,,,needs_review,abstained,评分标准为“代入计算，5.00 分”，仅笼统说明计分，未说明代入过程与最终结果的得分分配或常见错误扣分。结合参考答案错误（应为 7 却给 6），该评分标准无法澄清答案与计分的一致性，需要教师复核明确。,runs/semantic-r1-SEM-ANSWER.json
semantic-r1-SEM-CONDITION,1,SEM-CONDITION,automatic,answer_correctness,True,,True,fail,completed,题目只给出“矩形长3”，而证据中的教学依据明确说明“矩形面积需要长和宽，只有长度不能唯一确定面积”。因此无法据此唯一推出面积，参考答案“6”没有充分依据，答案正确性不成立。,runs/semantic-r1-SEM-CONDITION.json
semantic-r1-SEM-CONDITION,1,SEM-CONDITION,automatic,condition_sufficiency,True,True,True,fail,completed,矩形面积必须由长和宽共同确定，题干缺少宽度这一必要条件；证据也指出只有长度不能唯一确定面积，故题目条件不足。,runs/semantic-r1-SEM-CONDITION.json
semantic-r1-SEM-CONDITION,1,SEM-CONDITION,automatic,option_ambiguity,False,False,False,pass,completed,本题为 SHORT_ANSWER 题型，options 为空，不涉及选项歧义问题。,runs/semantic-r1-SEM-CONDITION.json
semantic-r1-SEM-CONDITION,1,SEM-CONDITION,automatic,rubric_clarity,True,,False,pass,completed,评分标准为“写出面积，5.00 分”，与题目及分值一致，评分要求明确，无明显歧义。,runs/semantic-r1-SEM-CONDITION.json
semantic-r1-SEM-OPTIONS,1,SEM-OPTIONS,automatic,answer_correctness,True,False,False,pass,completed,题目为“2+2等于多少”，正确结果应为4；选项A为4，参考答案标注为A，分数2.00也与答对得2分的规则一致，未发现答案错误。,runs/semantic-r1-SEM-OPTIONS.json
semantic-r1-SEM-OPTIONS,1,SEM-OPTIONS,automatic,condition_sufficiency,True,False,True,fail,completed,单选题提供了题干、三个选项、参考答案和评分规则，必要作答条件基本齐全；但“选A得2.00”未覆盖选择同样为4的选项B时如何判分，导致评分条件不充分。,runs/semantic-r1-SEM-OPTIONS.json
semantic-r1-SEM-OPTIONS,1,SEM-OPTIONS,automatic,option_ambiguity,True,True,True,fail,completed,选项A和选项B内容完全相同，均为4，正确答案却只标为A；这会造成答案歧义，选择B在数学上也正确但按当前规则无法明确得分。,runs/semantic-r1-SEM-OPTIONS.json
semantic-r1-SEM-OPTIONS,1,SEM-OPTIONS,automatic,rubric_clarity,True,False,True,fail,completed,评分规则仅写明“选A得2.00”，未说明选择内容同为4的B如何处理，规则不清晰且可能误判。,runs/semantic-r1-SEM-OPTIONS.json
semantic-r1-SEM-RUBRIC,1,SEM-RUBRIC,automatic,answer_correctness,True,,True,fail,completed,题目问“解释变量作用”，参考答案为“保存并引用数据”，但唯一证据是数学教学材料（一次函数、三角形/矩形面积），未包含任何关于变量作用或数据的教学内容，无法支持该答案。证据明确标注为“待教师核对”的合成材料，不能作为已确认依据。,runs/semantic-r1-SEM-RUBRIC.json
semantic-r1-SEM-RUBRIC,1,SEM-RUBRIC,automatic,condition_sufficiency,True,True,True,fail,completed,题干仅有“解释变量作用”，缺少变量的具体语境（如哪门语言、何种场景、变量指向什么），条件不足以唯一确定答案；证据也未提供可补充条件的教学内容。,runs/semantic-r1-SEM-RUBRIC.json
semantic-r1-SEM-RUBRIC,1,SEM-RUBRIC,automatic,option_ambiguity,False,False,False,pass,completed,题型为 SHORT_ANSWER，options 为 null，不存在选项，因此选项歧义不适用。,runs/semantic-r1-SEM-RUBRIC.json
semantic-r1-SEM-RUBRIC,1,SEM-RUBRIC,automatic,rubric_clarity,True,True,True,fail,completed,评分标准为“看情况给分”，表述模糊，未给出可操作的评分等级、分值分配或判定要点，无法据此稳定评分。,runs/semantic-r1-SEM-RUBRIC.json
semantic-r1-SEM-ADAPT-GOOD,1,SEM-ADAPT-GOOD,automatic,answer_correctness,True,False,True,fail,completed,题目改编条件为 x=4，依据所给一次函数 y=2x+1 代入 x=4 应得 y=9，参考答案“9”与依据一致，看似正确；但题面只写“父题x=3，答案7；改编x=4，求y”，并没有在当前题面中显式给出函数关系 y=2x+1。条件不充分会导致学生无法从题面唯一推出 y=9，因此从可验证的教学证据角度，答案正确性不能判为 pass，应判 fail。,runs/semantic-r1-SEM-ADAPT-GOOD.json
semantic-r1-SEM-ADAPT-GOOD,1,SEM-ADAPT-GOOD,automatic,condition_sufficiency,True,False,True,fail,completed,题面仅说明父题 x=3 答案为 7，改编为 x=4 求 y，但未在当前题面中给出或引用函数表达式 y=2x+1。证据中虽有一次函数 y=2x+1 的说明，但题目未把该条件呈现给学生，条件不足以唯一确定答案。,runs/semantic-r1-SEM-ADAPT-GOOD.json
semantic-r1-SEM-ADAPT-GOOD,1,SEM-ADAPT-GOOD,automatic,option_ambiguity,False,False,False,pass,completed,本题类型为 SHORT_ANSWER，options 为 null，不存在选项歧义问题，因此该项不适用并可判为通过。,runs/semantic-r1-SEM-ADAPT-GOOD.json
semantic-r1-SEM-ADAPT-GOOD,1,SEM-ADAPT-GOOD,automatic,rubric_clarity,True,,True,fail,completed,评分标准仅写“代入2x+1，5.00 分”，但题面未给出 2x+1 这一函数关系，且未说明学生应如何从父题 x=3、答案 7 推出该表达式；评分依据与题面条件脱节，评分说明不清晰。,runs/semantic-r1-SEM-ADAPT-GOOD.json
semantic-r1-SEM-STALE,1,SEM-STALE,automatic,answer_correctness,True,True,True,fail,completed,题干给出改编后 x=4，但参考答案仍为 7。依据证据 e91b522c-ce9c-5c48-a758-a81a27150e8d 中的“y=2x+1。代入x=3得y=7”，x=4 时应为 9，因此当前参考答案与改编条件不一致。,runs/semantic-r1-SEM-STALE.json
semantic-r1-SEM-STALE,1,SEM-STALE,automatic,condition_sufficiency,True,False,False,pass,completed,题干明确给出改编后的自变量 x=4，并给出函数关系 2x+1 的代入要求，足以唯一计算 y=9。,runs/semantic-r1-SEM-STALE.json
semantic-r1-SEM-STALE,1,SEM-STALE,automatic,option_ambiguity,False,False,False,pass,completed,本题为 SHORT_ANSWER 类型，options 为 null，不涉及选项歧义。,runs/semantic-r1-SEM-STALE.json
semantic-r1-SEM-STALE,1,SEM-STALE,automatic,rubric_clarity,True,,True,fail,completed,评分标准仅写“代入2x+1，5.00 分”，未明确所代入的自变量应取改编后的 x=4，也未说明答案应为 9，无法据此判断学生按旧答案 7 是否得分。证据 e91b522c-ce9c-5c48-a758-a81a27150e8d 只支持 x=3 时 y=7，不足以澄清改编题评分。,runs/semantic-r1-SEM-STALE.json
semantic-r1-SEM-NO-BASIS,1,SEM-NO-BASIS,automatic,answer_correctness,True,,,,input_not_ready,,runs/semantic-r1-SEM-NO-BASIS.json
semantic-r1-SEM-NO-BASIS,1,SEM-NO-BASIS,automatic,condition_sufficiency,True,True,,,input_not_ready,,runs/semantic-r1-SEM-NO-BASIS.json
semantic-r1-SEM-NO-BASIS,1,SEM-NO-BASIS,automatic,option_ambiguity,False,False,,,input_not_ready,,runs/semantic-r1-SEM-NO-BASIS.json
semantic-r1-SEM-NO-BASIS,1,SEM-NO-BASIS,automatic,rubric_clarity,True,True,,,input_not_ready,,runs/semantic-r1-SEM-NO-BASIS.json
semantic-r1-SEM-CLEAR-GOOD,1,SEM-CLEAR-GOOD,automatic,answer_correctness,True,False,False,pass,completed,将 x=3 代入 y=2x+1 得 y=2×3+1=7，与参考答案及解析一致。证据 7ebf787d-0d34-5575-995a-49e762faac13 中注明‘代入x=3得y=7’，支持该结论。,runs/semantic-r1-SEM-CLEAR-GOOD.json
semantic-r1-SEM-CLEAR-GOOD,1,SEM-CLEAR-GOOD,automatic,condition_sufficiency,True,False,False,pass,completed,题目已给出函数表达式 y=2x+1 和 x=3 的取值条件，足以唯一确定 y=7。证据 7ebf787d-0d34-5575-995a-49e762faac13 中的一次函数示例与此题条件及求解方式一致。,runs/semantic-r1-SEM-CLEAR-GOOD.json
semantic-r1-SEM-CLEAR-GOOD,1,SEM-CLEAR-GOOD,automatic,option_ambiguity,False,False,False,pass,completed,该题为 SHORT_ANSWER 非选择题，options 为 null，不存在选项歧义问题，明确标注为不适用。,runs/semantic-r1-SEM-CLEAR-GOOD.json
semantic-r1-SEM-CLEAR-GOOD,1,SEM-CLEAR-GOOD,automatic,rubric_clarity,True,False,False,pass,completed,评分细则明确列出两个要点并分配分数：正确写出代入式 2.00 分、正确算出 y 的值 3.00 分，合计 5.00 分，得分规则清晰可执行。未发现含糊或冲突之处。,runs/semantic-r1-SEM-CLEAR-GOOD.json
semantic-r1-SEM-CLEAR-ADAPT-GOOD,1,SEM-CLEAR-ADAPT-GOOD,automatic,answer_correctness,True,False,False,pass,completed,题目为已知一次函数 y=2x+1，当 x=4 时求 y。按解析 2×4+1=9，与参考答案 9 一致；教学依据中的示例为 x=3 得 y=7，代入同一函数代入规则相符，未发现矛盾。,runs/semantic-r1-SEM-CLEAR-ADAPT-GOOD.json
semantic-r1-SEM-CLEAR-ADAPT-GOOD,1,SEM-CLEAR-ADAPT-GOOD,automatic,condition_sufficiency,True,False,False,pass,completed,题干给出函数表达式 y=2x+1 和自变量取值 x=4，求 y 所需条件完整，可唯一确定结果，没有缺失必要条件。,runs/semantic-r1-SEM-CLEAR-ADAPT-GOOD.json
semantic-r1-SEM-CLEAR-ADAPT-GOOD,1,SEM-CLEAR-ADAPT-GOOD,automatic,option_ambiguity,False,False,False,pass,completed,本题为 SHORT_ANSWER 非选择题，不涉及选项，因此选项歧义不适用。,runs/semantic-r1-SEM-CLEAR-ADAPT-GOOD.json
semantic-r1-SEM-CLEAR-ADAPT-GOOD,1,SEM-CLEAR-ADAPT-GOOD,automatic,rubric_clarity,True,False,False,pass,completed,评分标准将 5.00 分拆为代入式 2.00 分和算出 y 值 3.00 分，并明确每要点正确得全分、错误或缺失得 0 分，要点与分值清晰可操作。,runs/semantic-r1-SEM-CLEAR-ADAPT-GOOD.json
semantic-r1-SEM-CLEAR-OPTIONS,1,SEM-CLEAR-OPTIONS,automatic,answer_correctness,True,False,False,pass,completed,题目为一次函数 y=2x+1，代入 x=3 得 y=2×3+1=7；参考答案 A 对应 7，与证据中“一次函数：y=2x+1。代入x=3得y=7”一致。,runs/semantic-r1-SEM-CLEAR-OPTIONS.json
semantic-r1-SEM-CLEAR-OPTIONS,1,SEM-CLEAR-OPTIONS,automatic,condition_sufficiency,True,False,False,pass,completed,题目给出了必需条件：函数表达式 y=2x+1 和自变量取值 x=3，足以唯一计算 y。,runs/semantic-r1-SEM-CLEAR-OPTIONS.json
semantic-r1-SEM-CLEAR-OPTIONS,1,SEM-CLEAR-OPTIONS,automatic,option_ambiguity,True,False,False,pass,completed,单选题四个选项中，A 为 7，B 为 5，C 为 6，D 为 8，互不相同；根据函数计算只有 A 正确，不存在正确选项歧义。,runs/semantic-r1-SEM-CLEAR-OPTIONS.json
semantic-r1-SEM-CLEAR-OPTIONS,1,SEM-CLEAR-OPTIONS,automatic,rubric_clarity,True,False,False,pass,completed,评分标准明确：选 A 得 2.00 分，选 B、C、D 或未答得 0 分，与总分 2.00 和唯一正确选项 A 一致，评分无歧义。,runs/semantic-r1-SEM-CLEAR-OPTIONS.json
semantic-r2-SEM-GOOD,2,SEM-GOOD,automatic,answer_correctness,True,False,False,pass,completed,题目要求代入 y=2x+1、x=3，参考答案为 7；证据内容明确给出“代入x=3得y=7”，与参考答案一致，计算正确。,runs/semantic-r2-SEM-GOOD.json
semantic-r2-SEM-GOOD,2,SEM-GOOD,automatic,condition_sufficiency,True,False,False,pass,completed,题目已给出函数关系 y=2x+1 和自变量取值 x=3，条件足以唯一求出 y=7；证据也复现了该代入条件与结果。,runs/semantic-r2-SEM-GOOD.json
semantic-r2-SEM-GOOD,2,SEM-GOOD,automatic,option_ambiguity,False,False,False,pass,completed,题目类型为 SHORT_ANSWER，options 为 null，不涉及选项歧义问题。,runs/semantic-r2-SEM-GOOD.json
semantic-r2-SEM-GOOD,2,SEM-GOOD,automatic,rubric_clarity,True,,,needs_review,abstained,评分标准仅写“代入计算，5.00 分”，未明确说明是否要求写出代入过程、是否仅答案正确即可得分，以及部分错误时的给分方式；现有证据不足以确认评分细则是否清晰可执行。,runs/semantic-r2-SEM-GOOD.json
semantic-r2-SEM-ANSWER,2,SEM-ANSWER,automatic,answer_correctness,True,True,True,fail,completed,题目给出 y=2x+1，x=3，代入计算 y=2×3+1=7。参考答案为 6，与教学依据（chunk 20427cdf-c648-5e24-8bcd-b9ab27385dce 明确“代入x=3得y=7”）不一致，因此答案错误。,runs/semantic-r2-SEM-ANSWER.json
semantic-r2-SEM-ANSWER,2,SEM-ANSWER,automatic,condition_sufficiency,True,False,True,fail,completed,题干只包含 y=2x+1 和 x=3，代入条件足够，但所引证据明确该代入应得 y=7。参考答案却为 6，说明答案与条件推导结果不符，条件未得到正确满足。,runs/semantic-r2-SEM-ANSWER.json
semantic-r2-SEM-ANSWER,2,SEM-ANSWER,automatic,option_ambiguity,False,False,False,pass,completed,题型为 SHORT_ANSWER，未提供 options，选择项歧义不适用。,runs/semantic-r2-SEM-ANSWER.json
semantic-r2-SEM-ANSWER,2,SEM-ANSWER,automatic,rubric_clarity,True,,True,fail,completed,评分标准为“代入计算，5.00 分”，仅说明代入计算思路，未明确代入后的正确结果或结果核对要求；结合参考答案错误为 6，评分标准无法支撑正确评分，存在评分混淆。,runs/semantic-r2-SEM-ANSWER.json
semantic-r2-SEM-CONDITION,2,SEM-CONDITION,automatic,answer_correctness,True,,True,fail,completed,题目仅给出矩形长3，未给出宽，依据证据中的教学依据“矩形面积需要长和宽，只有长度不能唯一确定面积”，面积无法唯一确定为6。参考答案“6”假设宽为2，但未在题目中给出，因此答案不正确。,runs/semantic-r2-SEM-CONDITION.json
semantic-r2-SEM-CONDITION,2,SEM-CONDITION,automatic,condition_sufficiency,True,True,True,fail,completed,题目条件仅有“长3”，缺少宽这一计算矩形面积的必要条件。依据证据，只有长度不能唯一确定矩形面积，因此条件不充分。,runs/semantic-r2-SEM-CONDITION.json
semantic-r2-SEM-CONDITION,2,SEM-CONDITION,automatic,option_ambiguity,False,False,False,pass,completed,本题为简答题，无选项，选项歧义问题不适用。,runs/semantic-r2-SEM-CONDITION.json
semantic-r2-SEM-CONDITION,2,SEM-CONDITION,automatic,rubric_clarity,True,,True,fail,completed,评分标准“写出面积，5.00分”表述过于模糊且与题目不匹配：写出任何面积是否均得满分、是否需要正确、如何分配分数均不明确。结合题目条件不充分导致面积无法唯一确定，该评分标准无法清晰判定得分。,runs/semantic-r2-SEM-CONDITION.json
semantic-r2-SEM-OPTIONS,2,SEM-OPTIONS,automatic,answer_correctness,True,False,,insufficient_evidence,abstained,依据证据仅为合成教学依据（明确标注“待教师核对”、非真实教师标注），内容涉及一次函数与三角形面积等，未提供任何关于“2+2”的算术依据。因此无法验证参考答案A（4）是否正确。,runs/semantic-r2-SEM-OPTIONS.json
semantic-r2-SEM-OPTIONS,2,SEM-OPTIONS,automatic,condition_sufficiency,True,False,True,fail,completed,题目为“2+2等于多少”，题干条件本身对简单算术或许够用，但所给唯一证据为合成、待核对的非算术材料，不能为本题提供任何有效条件或依据，无法据以判定题目条件是否充分支持结论。,runs/semantic-r2-SEM-OPTIONS.json
semantic-r2-SEM-OPTIONS,2,SEM-OPTIONS,automatic,option_ambiguity,True,True,True,fail,completed,选项A为“4”，选项B也为“4”，两者内容完全相同，造成答案不唯一、存在明显歧义；尽管参考答案指定A，但选择A或B在内容上无法区分，属于选项歧义。,runs/semantic-r2-SEM-OPTIONS.json
semantic-r2-SEM-OPTIONS,2,SEM-OPTIONS,automatic,rubric_clarity,True,False,False,pass,completed,评分规则明确“选A得2.00”，与参考答案A一致，分值2.00与题目score字段2.00一致，规则本身清晰可执行。,runs/semantic-r2-SEM-OPTIONS.json
semantic-r2-SEM-RUBRIC,2,SEM-RUBRIC,automatic,answer_correctness,True,,,insufficient_evidence,abstained,题目要求“解释变量作用”，参考答案为“保存并引用数据。”，但提供的唯一证据是合成教学依据，内容仅涉及一次函数、三角形面积和矩形面积，完全没有关于“变量作用”或“保存并引用数据”的任何说明，无法判断参考答案是否正确。,runs/semantic-r2-SEM-RUBRIC.json
semantic-r2-SEM-RUBRIC,2,SEM-RUBRIC,automatic,condition_sufficiency,True,True,True,fail,completed,题目仅有“解释变量作用。”一句，未说明是哪个学科/编程语言中的变量、何种作用（如存储、引用、作用域等），条件严重不足，无法唯一确定答案；证据中也无任何可补充的条件。,runs/semantic-r2-SEM-RUBRIC.json
semantic-r2-SEM-RUBRIC,2,SEM-RUBRIC,automatic,option_ambiguity,False,False,False,pass,completed,本题为 SHORT_ANSWER 非选择题，options 为 null，选项歧义不适用。,runs/semantic-r2-SEM-RUBRIC.json
semantic-r2-SEM-RUBRIC,2,SEM-RUBRIC,automatic,rubric_clarity,True,True,True,fail,completed,评分标准为“看情况给分。”，未给出任何可操作的评分维度、分值分配或判分依据，属于不可执行的模糊评分标准。,runs/semantic-r2-SEM-RUBRIC.json
semantic-r2-SEM-ADAPT-GOOD,2,SEM-ADAPT-GOOD,automatic,answer_correctness,True,False,True,fail,completed,题面为“父题x=3，答案7；改编x=4，求y”，代入证据中的一次函数关系 y=2x+1，x=4 时 y=2×4+1=9。因此参考答案“9”与教学依据一致，不成立为错误；但评分标准写“代入2x+1，5.00分”且总分5.00，无法核验答案与分值之间的对应是否成立，故整体答案正确性需标记失败，需核对评分与答案的一致性。,runs/semantic-r2-SEM-ADAPT-GOOD.json
semantic-r2-SEM-ADAPT-GOOD,2,SEM-ADAPT-GOOD,automatic,condition_sufficiency,True,False,True,fail,completed,证据仅给出一次函数 y=2x+1 的示例，题面“父题x=3，答案7；改编x=4，求y”未明示函数关系仍为 y=2x+1；仅凭“父题答案7”和“改编x=4”不能充分保证适用同一函数规则，缺少改编条件与函数关系保持不变的明确说明。,runs/semantic-r2-SEM-ADAPT-GOOD.json
semantic-r2-SEM-ADAPT-GOOD,2,SEM-ADAPT-GOOD,automatic,option_ambiguity,False,False,False,pass,completed,本题为 SHORT_ANSWER 非选择题，无选项，选项歧义不适用。,runs/semantic-r2-SEM-ADAPT-GOOD.json
semantic-r2-SEM-ADAPT-GOOD,2,SEM-ADAPT-GOOD,automatic,rubric_clarity,True,,True,fail,completed,评分标准为“代入2x+1，5.00 分”，但未说明如何分配该5.00分、是否仅以最终答案9为得分点、代入过程与结果是否分别计分，评分规则不清晰。,runs/semantic-r2-SEM-ADAPT-GOOD.json
semantic-r2-SEM-STALE,2,SEM-STALE,automatic,answer_correctness,True,True,True,fail,completed,题目文本明确说明改编后为 x=4，但参考答案仍写 7。教学依据为 y=2x+1，代入 x=4 应得 9，因此当前答案与改编题不符。,runs/semantic-r2-SEM-STALE.json
semantic-r2-SEM-STALE,2,SEM-STALE,automatic,condition_sufficiency,True,False,True,fail,completed,题面给出的条件为函数关系 y=2x+1 与改编后 x=4（由父题和改编说明可知），条件本身足以计算，但当前参考答案未反映改编后的条件，导致答案与条件不一致。,runs/semantic-r2-SEM-STALE.json
semantic-r2-SEM-STALE,2,SEM-STALE,automatic,option_ambiguity,False,False,False,pass,completed,题型为 SHORT_ANSWER，options 为 null，不涉及选项歧义，按非选择题显式判定为不适用。,runs/semantic-r2-SEM-STALE.json
semantic-r2-SEM-STALE,2,SEM-STALE,automatic,rubric_clarity,True,,False,pass,completed,评分细则明确写出“代入2x+1，5.00 分”，与题目要求的计算步骤和分值一致，清晰可执行。,runs/semantic-r2-SEM-STALE.json
semantic-r2-SEM-NO-BASIS,2,SEM-NO-BASIS,automatic,answer_correctness,True,,,,input_not_ready,,runs/semantic-r2-SEM-NO-BASIS.json
semantic-r2-SEM-NO-BASIS,2,SEM-NO-BASIS,automatic,condition_sufficiency,True,True,,,input_not_ready,,runs/semantic-r2-SEM-NO-BASIS.json
semantic-r2-SEM-NO-BASIS,2,SEM-NO-BASIS,automatic,option_ambiguity,False,False,,,input_not_ready,,runs/semantic-r2-SEM-NO-BASIS.json
semantic-r2-SEM-NO-BASIS,2,SEM-NO-BASIS,automatic,rubric_clarity,True,True,,,input_not_ready,,runs/semantic-r2-SEM-NO-BASIS.json
semantic-r2-SEM-CLEAR-GOOD,2,SEM-CLEAR-GOOD,automatic,answer_correctness,True,False,False,pass,completed,参考答案为7，与教学依据中“一次函数：y=2x+1。代入x=3得y=7”一致，且与分析“2×3+1=7”相符。,runs/semantic-r2-SEM-CLEAR-GOOD.json
semantic-r2-SEM-CLEAR-GOOD,2,SEM-CLEAR-GOOD,automatic,condition_sufficiency,True,False,False,pass,completed,题目给定一次函数表达式 y=2x+1 及条件 x=3，求解 y 的条件完整，足以唯一确定结果。,runs/semantic-r2-SEM-CLEAR-GOOD.json
semantic-r2-SEM-CLEAR-GOOD,2,SEM-CLEAR-GOOD,automatic,option_ambiguity,False,False,False,pass,completed,本题为简答题（SHORT_ANSWER），options 为 null，不涉及选项歧义问题，明确不适用。,runs/semantic-r2-SEM-CLEAR-GOOD.json
semantic-r2-SEM-CLEAR-GOOD,2,SEM-CLEAR-GOOD,automatic,rubric_clarity,True,False,False,pass,completed,评分细则明确说明代入式得2.00分、算出y值得3.00分，合计5.00分，与题目总分5.00一致，要点及计分方式清晰。,runs/semantic-r2-SEM-CLEAR-GOOD.json
semantic-r2-SEM-CLEAR-ADAPT-GOOD,2,SEM-CLEAR-ADAPT-GOOD,automatic,answer_correctness,True,False,True,fail,completed,题干为 y=2x+1，当 x=4 时，y=2×4+1=9，参考答案和解析给出的结果与计算一致，且证据中的函数式同为 y=2x+1。但唯一证据是“合成教学依据（待教师核对）”，来源标注为 synthetic_whole_fixture、database_record 为 false，且明确说明非真实教师标注，不能作为可信教学证据支撑该题答案，因此本项不能判为 pass。,runs/semantic-r2-SEM-CLEAR-ADAPT-GOOD.json
semantic-r2-SEM-CLEAR-ADAPT-GOOD,2,SEM-CLEAR-ADAPT-GOOD,automatic,condition_sufficiency,True,False,,needs_review,abstained,题面提供了函数式 y=2x+1 和自变量取值 x=4，从数学运算看条件足以求解 y=9。但当前唯一证据为待核对的合成材料，且证据中只给出代入 x=3 的示例，未覆盖 x=4 的情形，无法据此确认该题条件与教学依据一致。,runs/semantic-r2-SEM-CLEAR-ADAPT-GOOD.json
semantic-r2-SEM-CLEAR-ADAPT-GOOD,2,SEM-CLEAR-ADAPT-GOOD,automatic,option_ambiguity,False,False,False,pass,completed,本题题型为 SHORT_ANSWER，options 为 null，不存在选项歧义问题，故该项按不适用处理并通过。,runs/semantic-r2-SEM-CLEAR-ADAPT-GOOD.json
semantic-r2-SEM-CLEAR-ADAPT-GOOD,2,SEM-CLEAR-ADAPT-GOOD,automatic,rubric_clarity,True,False,True,fail,completed,评分标准给出“正确写出代入式 2.00 分；正确算出 y 的值 3.00 分；每个要点正确得该要点全部分数，错误或缺失得 0 分；合计 5.00 分”，分值合计与 score=5.00 一致，要点也较明确。但唯一证据为“合成教学依据（待教师核对）”且非真实教师标注，无法作为可信证据证明该评分标准来自实际教学依据，因此不能确认其清晰且可用。,runs/semantic-r2-SEM-CLEAR-ADAPT-GOOD.json
semantic-r2-SEM-CLEAR-OPTIONS,2,SEM-CLEAR-OPTIONS,automatic,answer_correctness,True,False,False,pass,completed,证据中明确给出“一次函数：y=2x+1。代入x=3得y=7”，参考答案 A（7）与计算结果一致，且分析正确。,runs/semantic-r2-SEM-CLEAR-OPTIONS.json
semantic-r2-SEM-CLEAR-OPTIONS,2,SEM-CLEAR-OPTIONS,automatic,condition_sufficiency,True,False,False,pass,completed,题目给出函数 y=2x+1 和 x=3，条件完整，足以唯一确定 y=7。,runs/semantic-r2-SEM-CLEAR-OPTIONS.json
semantic-r2-SEM-CLEAR-OPTIONS,2,SEM-CLEAR-OPTIONS,automatic,option_ambiguity,True,False,False,pass,completed,四个选项互不相同，只有选项 A 等于 7，不存在歧义。,runs/semantic-r2-SEM-CLEAR-OPTIONS.json
semantic-r2-SEM-CLEAR-OPTIONS,2,SEM-CLEAR-OPTIONS,automatic,rubric_clarity,True,False,False,pass,completed,评分标准明确：选择 A 得 2.00 分，选 B、C、D 或未答得 0 分，与总分 2.00 一致，无歧义。,runs/semantic-r2-SEM-CLEAR-OPTIONS.json
semantic-r3-SEM-GOOD,3,SEM-GOOD,automatic,answer_correctness,True,False,False,pass,completed,证据4391047c-d24c-58c7-95b7-4e7b4fe6cb63明确写出“一次函数：y=2x+1。代入x=3得y=7”，与题目给定条件及参考答案7一致。,runs/semantic-r3-SEM-GOOD.json
semantic-r3-SEM-GOOD,3,SEM-GOOD,automatic,condition_sufficiency,True,False,False,pass,completed,题目给出函数式y=2x+1和x=3，足以唯一确定y=7，所需条件完整。,runs/semantic-r3-SEM-GOOD.json
semantic-r3-SEM-GOOD,3,SEM-GOOD,automatic,option_ambiguity,False,False,False,pass,completed,本题为SHORT_ANSWER类型，options为null，不存在选项歧义问题，属明确的非适用情形。,runs/semantic-r3-SEM-GOOD.json
semantic-r3-SEM-GOOD,3,SEM-GOOD,automatic,rubric_clarity,True,,,needs_review,abstained,评分标准为“代入计算，5.00 分”，仅给出得分，未说明代入与计算各占多少分，也未说明答案错误时如何给分；精确分数分配不够明确。,runs/semantic-r3-SEM-GOOD.json
semantic-r3-SEM-ANSWER,3,SEM-ANSWER,automatic,answer_correctness,True,True,True,fail,completed,题目为 y=2x+1，x=3 求 y。证据片段明确给出“代入x=3得y=7”，而参考答案写作“6”，两者矛盾，参考答案错误。,runs/semantic-r3-SEM-ANSWER.json
semantic-r3-SEM-ANSWER,3,SEM-ANSWER,automatic,condition_sufficiency,True,False,False,pass,completed,题干给出函数式 y=2x+1 与自变量取值 x=3，代入所需条件完整，可唯一确定 y。,runs/semantic-r3-SEM-ANSWER.json
semantic-r3-SEM-ANSWER,3,SEM-ANSWER,automatic,option_ambiguity,False,False,False,pass,completed,本题类型为 SHORT_ANSWER，options 为 null，不存在选项歧义问题，属于明确不适用。,runs/semantic-r3-SEM-ANSWER.json
semantic-r3-SEM-ANSWER,3,SEM-ANSWER,automatic,rubric_clarity,True,,True,fail,completed,评分标准仅写“代入计算，5.00 分”，未说明答案应为 y=7 或如何判分；且与参考答案“6”及证据中“代入x=3得y=7”不一致，无法据此判定正确结果。,runs/semantic-r3-SEM-ANSWER.json
semantic-r3-SEM-CONDITION,3,SEM-CONDITION,automatic,answer_correctness,True,,True,fail,completed,题目只给出矩形的长（3），未给出宽。依据证据明确说明“矩形面积需要长和宽，只有长度不能唯一确定面积”，因此参考答案“6”无法由题设唯一推出，答案不正确。,runs/semantic-r3-SEM-CONDITION.json
semantic-r3-SEM-CONDITION,3,SEM-CONDITION,automatic,condition_sufficiency,True,True,True,fail,completed,题目条件仅有“长3”，缺少宽这一必要条件。依据证据指出只有长度不能唯一确定矩形面积，故条件不足，无法确定唯一面积。,runs/semantic-r3-SEM-CONDITION.json
semantic-r3-SEM-CONDITION,3,SEM-CONDITION,automatic,option_ambiguity,False,False,False,pass,completed,本题为非选择题（SHORT_ANSWER，options 为 null），不存在选项歧义问题，故判定为不适用。,runs/semantic-r3-SEM-CONDITION.json
semantic-r3-SEM-CONDITION,3,SEM-CONDITION,automatic,rubric_clarity,True,,True,fail,completed,评分标准仅写“写出面积，5.00 分”，未明确面积数值或判定依据；在条件不足、参考答案“6”无法唯一推出的情况下，评分标准无法据此判定学生作答是否正确。,runs/semantic-r3-SEM-CONDITION.json
semantic-r3-SEM-OPTIONS,3,SEM-OPTIONS,automatic,answer_correctness,True,False,True,fail,completed,提供的证据（f57b5f0d-042f-5dc7-917d-5ed1b93ad422）仅涉及一次函数、三角形面积和矩形面积，不含任何关于“2+2”的数学事实或教学说明，无法支持参考答案“A”或“4”。据此不能确认答案正确性，判定为不通过。,runs/semantic-r3-SEM-OPTIONS.json
semantic-r3-SEM-OPTIONS,3,SEM-OPTIONS,automatic,condition_sufficiency,True,False,True,fail,completed,题干直接给出“2+2等于多少？”及选项，未提供任何解题所需条件或限定；证据（f57b5f0d-042f-5dc7-917d-5ed1b93ad422）也不包含与本题相关的条件，无法弥补条件缺失。,runs/semantic-r3-SEM-OPTIONS.json
semantic-r3-SEM-OPTIONS,3,SEM-OPTIONS,automatic,option_ambiguity,True,True,True,fail,completed,选项A与选项B内容完全相同，均为“4”，属于选项重复、存在歧义，考生无法仅凭选项内容唯一确定应选A或B。,runs/semantic-r3-SEM-OPTIONS.json
semantic-r3-SEM-OPTIONS,3,SEM-OPTIONS,automatic,rubric_clarity,True,False,True,fail,completed,评分细则“选A得2.00。”未说明选择B（同值“4”）时的评分处理，也未覆盖其他选项，与选项中A、B同值相冲突，评分规则不够清晰完整。,runs/semantic-r3-SEM-OPTIONS.json
semantic-r3-SEM-RUBRIC,3,SEM-RUBRIC,automatic,answer_correctness,True,,,insufficient_evidence,abstained,题干为“解释变量作用”，参考答案为“保存并引用数据”，但所给证据仅包含一次函数、三角形面积和矩形面积内容，未涉及变量作用或“保存并引用数据”的相关教学依据，无法核对答案正确性。,runs/semantic-r3-SEM-RUBRIC.json
semantic-r3-SEM-RUBRIC,3,SEM-RUBRIC,automatic,condition_sufficiency,True,True,True,fail,completed,题干只有“解释变量作用”，未提供任何限定条件、上下文或范围（例如变量所在场景、需要解释的具体变量），条件不足以支撑唯一作答。,runs/semantic-r3-SEM-RUBRIC.json
semantic-r3-SEM-RUBRIC,3,SEM-RUBRIC,automatic,option_ambiguity,False,False,False,pass,completed,本题为 SHORT_ANSWER 非选择题，options 为 null，不存在选项歧义问题。,runs/semantic-r3-SEM-RUBRIC.json
semantic-r3-SEM-RUBRIC,3,SEM-RUBRIC,automatic,rubric_clarity,True,True,True,fail,completed,评分标准仅为“看情况给分”，未给出可操作的得分点、分值分配或评分依据，无法据此一致评分。,runs/semantic-r3-SEM-RUBRIC.json
semantic-r3-SEM-ADAPT-GOOD,3,SEM-ADAPT-GOOD,automatic,answer_correctness,True,False,,needs_review,abstained,题干要求改编后代入x=4求y，参考答案为9。按证据中的函数y=2x+1，x=4应得9；但证据本身标注为“合成教学依据（待教师核对）”，明确非真实教师标注，尚不能作为可靠依据确认答案。,runs/semantic-r3-SEM-ADAPT-GOOD.json
semantic-r3-SEM-ADAPT-GOOD,3,SEM-ADAPT-GOOD,automatic,condition_sufficiency,True,False,,needs_review,abstained,题干仅给出“父题x=3，答案7；改编x=4，求y”，未在题干中明确写出函数关系式y=2x+1；该关系式仅出现在待核对的证据中。条件是否足以支持改编题求解，需要教师或可靠证据确认。,runs/semantic-r3-SEM-ADAPT-GOOD.json
semantic-r3-SEM-ADAPT-GOOD,3,SEM-ADAPT-GOOD,automatic,option_ambiguity,False,False,False,pass,completed,本题为SHORT_ANSWER题型，options为null，不涉及选项歧义，属明确不适用。,runs/semantic-r3-SEM-ADAPT-GOOD.json
semantic-r3-SEM-ADAPT-GOOD,3,SEM-ADAPT-GOOD,automatic,rubric_clarity,True,,,needs_review,abstained,评分标准仅有“代入2x+1，5.00 分”，未说明若学生写其他等价形式或计算过程缺失时如何给分，评分细则的完整性需教师确认。,runs/semantic-r3-SEM-ADAPT-GOOD.json
semantic-r3-SEM-STALE,3,SEM-STALE,automatic,answer_correctness,True,True,True,fail,completed,题目为父题x=3答案7，改编后x=4，但当前参考答案仍为7、评分标准仍写“代入2x+1”，未随条件更新；按证据中 y=2x+1，x=4 时应为9，故现有答案与当前题目条件不一致。,runs/semantic-r3-SEM-STALE.json
semantic-r3-SEM-STALE,3,SEM-STALE,automatic,condition_sufficiency,True,False,True,fail,completed,内容明确说明改编后x=4，但答案与评分标准仍沿用旧答案，题目条件与作答要求之间的对应关系不充分、存在矛盾，无法据此确认应得答案。,runs/semantic-r3-SEM-STALE.json
semantic-r3-SEM-STALE,3,SEM-STALE,automatic,option_ambiguity,False,False,False,pass,completed,题型为简答题，options为空，选项歧义不适用。,runs/semantic-r3-SEM-STALE.json
semantic-r3-SEM-STALE,3,SEM-STALE,automatic,rubric_clarity,True,,True,fail,completed,评分标准为“代入2x+1，5.00分”，未写入以x=4代入得到的结果，也未与当前参考答案的矛盾进行说明；在改编条件已改变的情况下，该评分标准不清晰，无法据此判断应评分答案。,runs/semantic-r3-SEM-STALE.json
semantic-r3-SEM-NO-BASIS,3,SEM-NO-BASIS,automatic,answer_correctness,True,,,,input_not_ready,,runs/semantic-r3-SEM-NO-BASIS.json
semantic-r3-SEM-NO-BASIS,3,SEM-NO-BASIS,automatic,condition_sufficiency,True,True,,,input_not_ready,,runs/semantic-r3-SEM-NO-BASIS.json
semantic-r3-SEM-NO-BASIS,3,SEM-NO-BASIS,automatic,option_ambiguity,False,False,,,input_not_ready,,runs/semantic-r3-SEM-NO-BASIS.json
semantic-r3-SEM-NO-BASIS,3,SEM-NO-BASIS,automatic,rubric_clarity,True,True,,,input_not_ready,,runs/semantic-r3-SEM-NO-BASIS.json
semantic-r3-SEM-CLEAR-GOOD,3,SEM-CLEAR-GOOD,automatic,answer_correctness,True,False,False,pass,completed,参考答案为7，与题干一次函数y=2x+1在x=3时的计算一致；证据内容也明确给出“代入x=3得y=7”，答案正确。,runs/semantic-r3-SEM-CLEAR-GOOD.json
semantic-r3-SEM-CLEAR-GOOD,3,SEM-CLEAR-GOOD,automatic,condition_sufficiency,True,False,False,pass,completed,题干给出函数表达式y=2x+1和自变量取值x=3，足以唯一确定y；证据快照中的一次函数条件与此一致。,runs/semantic-r3-SEM-CLEAR-GOOD.json
semantic-r3-SEM-CLEAR-GOOD,3,SEM-CLEAR-GOOD,automatic,option_ambiguity,False,False,False,pass,completed,本题为填空题，没有选项，不存在选项歧义问题。,runs/semantic-r3-SEM-CLEAR-GOOD.json
semantic-r3-SEM-CLEAR-GOOD,3,SEM-CLEAR-GOOD,automatic,rubric_clarity,True,False,False,pass,completed,评分标准明确分为代入式和计算结果两个要点，分别给2.00分和3.00分，合计5.00分，与题干和参考解答一致，评分规则清晰可操作。,runs/semantic-r3-SEM-CLEAR-GOOD.json
semantic-r3-SEM-CLEAR-ADAPT-GOOD,3,SEM-CLEAR-ADAPT-GOOD,automatic,answer_correctness,True,False,False,pass,completed,题干为一次函数 y=2x+1，x=4 时 y=2×4+1=9；参考答案为 9，分析亦给出 2×4+1=9，计算正确。证据中的一次函数示例虽为 x=3 得 y=7，但与本题代入 x=4 的运算一致，可用于核对公式 y=2x+1。,runs/semantic-r3-SEM-CLEAR-ADAPT-GOOD.json
semantic-r3-SEM-CLEAR-ADAPT-GOOD,3,SEM-CLEAR-ADAPT-GOOD,automatic,condition_sufficiency,True,False,False,pass,completed,题目已给出函数表达式 y=2x+1 与自变量取值 x=4，求 y 所需条件完整；评分标准包含代入式与计算结果两个要点，与题目条件对应。证据中的合成教学依据也确认一次函数为 y=2x+1。,runs/semantic-r3-SEM-CLEAR-ADAPT-GOOD.json
semantic-r3-SEM-CLEAR-ADAPT-GOOD,3,SEM-CLEAR-ADAPT-GOOD,automatic,option_ambiguity,False,False,False,pass,completed,本题为 SHORT_ANSWER 非选择题，options 为 null，不存在选项歧义或选项缺失问题，故该项以不适用理由通过。,runs/semantic-r3-SEM-CLEAR-ADAPT-GOOD.json
semantic-r3-SEM-CLEAR-ADAPT-GOOD,3,SEM-CLEAR-ADAPT-GOOD,automatic,rubric_clarity,True,False,False,pass,completed,评分标准明确：正确写出代入式得 2.00 分，正确算出 y 得 3.00 分，每要点全对得该要点全部分数，错误或缺失得 0 分，合计 5.00 分；分数与总分一致，不存在无法判分的模糊表述。,runs/semantic-r3-SEM-CLEAR-ADAPT-GOOD.json
semantic-r3-SEM-CLEAR-OPTIONS,3,SEM-CLEAR-OPTIONS,automatic,answer_correctness,True,False,False,pass,completed,将 x=3 代入 y=2x+1，得 y=2×3+1=7，与选项 A 一致；证据亦明确记载“代入x=3得y=7”。,runs/semantic-r3-SEM-CLEAR-OPTIONS.json
semantic-r3-SEM-CLEAR-OPTIONS,3,SEM-CLEAR-OPTIONS,automatic,condition_sufficiency,True,False,False,pass,completed,题目给出了完整的一次函数解析式 y=2x+1 及 x=3 的条件，足以唯一计算 y 值；证据中同样直接给出该代入结果。,runs/semantic-r3-SEM-CLEAR-OPTIONS.json
semantic-r3-SEM-CLEAR-OPTIONS,3,SEM-CLEAR-OPTIONS,automatic,option_ambiguity,True,False,False,pass,completed,四个选项中只有 A 为 7，B=5、C=6、D=8，均与计算结果不同，不存在歧义或重复正确项。,runs/semantic-r3-SEM-CLEAR-OPTIONS.json
semantic-r3-SEM-CLEAR-OPTIONS,3,SEM-CLEAR-OPTIONS,automatic,rubric_clarity,True,False,False,pass,completed,评分细则明确：选 A 得 2.00 分，选 B、C、D 或未答得 0 分，与总分 2.00 和唯一正确答案一致。,runs/semantic-r3-SEM-CLEAR-OPTIONS.json
