run_id,case_id,repeat_index,stage,reference_question_count,actual_question_count,matched_identities,missing_identities,duplicate_actual_identities,unmatched_actual_questions,all_evaluable_fields_match_questions,unknown_fields_excluded,evidence_ref
t160-quality-20261002T182955Z-75789e35-01-IMP-TEXT-r1,IMP-TEXT,1,automatic,3,3,3,0,0,0,0,3,benchmark/results/v2/t160-retest-20261003/quality/runs/t160-quality-20261002T182955Z-75789e35-01-IMP-TEXT-r1/result.json
t160-quality-20261002T182955Z-75789e35-01-IMP-TEXT-r1,IMP-TEXT,1,assisted_corrected,3,3,3,0,0,0,1,3,benchmark/results/v2/t160-retest-20261003/quality/runs/t160-quality-20261002T182955Z-75789e35-01-IMP-TEXT-r1/result.json
t160-quality-20261002T182955Z-75789e35-01-IMP-TEXT-r1,IMP-TEXT,1,after_image_assistance,3,3,3,0,0,0,3,3,benchmark/results/v2/t160-retest-20261003/quality/image-assistance/t160-quality-20261002T182955Z-75789e35-01-IMP-TEXT-r1.json
t160-quality-20261002T182955Z-75789e35-02-IMP-TEXT-r2,IMP-TEXT,2,automatic,3,3,3,0,0,0,0,3,benchmark/results/v2/t160-retest-20261003/quality/runs/t160-quality-20261002T182955Z-75789e35-02-IMP-TEXT-r2/result.json
t160-quality-20261002T182955Z-75789e35-02-IMP-TEXT-r2,IMP-TEXT,2,assisted_corrected,3,3,3,0,0,0,1,3,benchmark/results/v2/t160-retest-20261003/quality/runs/t160-quality-20261002T182955Z-75789e35-02-IMP-TEXT-r2/result.json
t160-quality-20261002T182955Z-75789e35-02-IMP-TEXT-r2,IMP-TEXT,2,after_image_assistance,3,3,3,0,0,0,3,3,benchmark/results/v2/t160-retest-20261003/quality/image-assistance/t160-quality-20261002T182955Z-75789e35-02-IMP-TEXT-r2.json
t160-quality-20261002T182955Z-75789e35-03-IMP-TEXT-r3,IMP-TEXT,3,automatic,3,3,3,0,0,0,0,3,benchmark/results/v2/t160-retest-20261003/quality/runs/t160-quality-20261002T182955Z-75789e35-03-IMP-TEXT-r3/result.json
t160-quality-20261002T182955Z-75789e35-03-IMP-TEXT-r3,IMP-TEXT,3,assisted_corrected,3,3,3,0,0,0,1,3,benchmark/results/v2/t160-retest-20261003/quality/runs/t160-quality-20261002T182955Z-75789e35-03-IMP-TEXT-r3/result.json
t160-quality-20261002T182955Z-75789e35-03-IMP-TEXT-r3,IMP-TEXT,3,after_image_assistance,3,3,3,0,0,0,3,3,benchmark/results/v2/t160-retest-20261003/quality/image-assistance/t160-quality-20261002T182955Z-75789e35-03-IMP-TEXT-r3.json
t160-quality-20261002T182955Z-75789e35-04-IMP-SCAN-r1,IMP-SCAN,1,automatic,3,3,3,0,0,0,0,3,benchmark/results/v2/t160-retest-20261003/quality/runs/t160-quality-20261002T182955Z-75789e35-04-IMP-SCAN-r1/result.json
t160-quality-20261002T182955Z-75789e35-04-IMP-SCAN-r1,IMP-SCAN,1,assisted_corrected,3,3,3,0,0,0,1,3,benchmark/results/v2/t160-retest-20261003/quality/runs/t160-quality-20261002T182955Z-75789e35-04-IMP-SCAN-r1/result.json
t160-quality-20261002T182955Z-75789e35-04-IMP-SCAN-r1,IMP-SCAN,1,after_image_assistance,3,3,3,0,0,0,3,3,benchmark/results/v2/t160-retest-20261003/quality/image-assistance/t160-quality-20261002T182955Z-75789e35-04-IMP-SCAN-r1.json
t160-quality-20261002T182955Z-75789e35-05-IMP-SCAN-r2,IMP-SCAN,2,automatic,3,3,3,0,0,0,0,3,benchmark/results/v2/t160-retest-20261003/quality/runs/t160-quality-20261002T182955Z-75789e35-05-IMP-SCAN-r2/result.json
t160-quality-20261002T182955Z-75789e35-05-IMP-SCAN-r2,IMP-SCAN,2,assisted_corrected,3,3,3,0,0,0,1,3,benchmark/results/v2/t160-retest-20261003/quality/runs/t160-quality-20261002T182955Z-75789e35-05-IMP-SCAN-r2/result.json
t160-quality-20261002T182955Z-75789e35-05-IMP-SCAN-r2,IMP-SCAN,2,after_image_assistance,3,3,3,0,0,0,3,3,benchmark/results/v2/t160-retest-20261003/quality/image-assistance/t160-quality-20261002T182955Z-75789e35-05-IMP-SCAN-r2.json
t160-quality-20261002T182955Z-75789e35-06-IMP-SCAN-r3,IMP-SCAN,3,automatic,3,3,3,0,0,0,0,3,benchmark/results/v2/t160-retest-20261003/quality/runs/t160-quality-20261002T182955Z-75789e35-06-IMP-SCAN-r3/result.json
t160-quality-20261002T182955Z-75789e35-06-IMP-SCAN-r3,IMP-SCAN,3,assisted_corrected,3,3,3,0,0,0,1,3,benchmark/results/v2/t160-retest-20261003/quality/runs/t160-quality-20261002T182955Z-75789e35-06-IMP-SCAN-r3/result.json
t160-quality-20261002T182955Z-75789e35-06-IMP-SCAN-r3,IMP-SCAN,3,after_image_assistance,3,3,3,0,0,0,3,3,benchmark/results/v2/t160-retest-20261003/quality/image-assistance/t160-quality-20261002T182955Z-75789e35-06-IMP-SCAN-r3.json
t160-quality-20261002T182955Z-75789e35-07-IMP-IMAGE-r1,IMP-IMAGE,1,automatic,3,3,3,0,0,0,0,3,benchmark/results/v2/t160-retest-20261003/quality/runs/t160-quality-20261002T182955Z-75789e35-07-IMP-IMAGE-r1/result.json
t160-quality-20261002T182955Z-75789e35-07-IMP-IMAGE-r1,IMP-IMAGE,1,assisted_corrected,3,3,3,0,0,0,1,3,benchmark/results/v2/t160-retest-20261003/quality/runs/t160-quality-20261002T182955Z-75789e35-07-IMP-IMAGE-r1/result.json
t160-quality-20261002T182955Z-75789e35-07-IMP-IMAGE-r1,IMP-IMAGE,1,after_image_assistance,3,3,3,0,0,0,3,3,benchmark/results/v2/t160-retest-20261003/quality/image-assistance/t160-quality-20261002T182955Z-75789e35-07-IMP-IMAGE-r1.json
t160-quality-20261002T182955Z-75789e35-08-IMP-IMAGE-r2,IMP-IMAGE,2,automatic,3,3,3,0,0,0,0,3,benchmark/results/v2/t160-retest-20261003/quality/runs/t160-quality-20261002T182955Z-75789e35-08-IMP-IMAGE-r2/result.json
t160-quality-20261002T182955Z-75789e35-08-IMP-IMAGE-r2,IMP-IMAGE,2,assisted_corrected,3,3,3,0,0,0,1,3,benchmark/results/v2/t160-retest-20261003/quality/runs/t160-quality-20261002T182955Z-75789e35-08-IMP-IMAGE-r2/result.json
t160-quality-20261002T182955Z-75789e35-08-IMP-IMAGE-r2,IMP-IMAGE,2,after_image_assistance,3,3,3,0,0,0,3,3,benchmark/results/v2/t160-retest-20261003/quality/image-assistance/t160-quality-20261002T182955Z-75789e35-08-IMP-IMAGE-r2.json
t160-quality-20261002T182955Z-75789e35-09-IMP-IMAGE-r3,IMP-IMAGE,3,automatic,3,3,3,0,0,0,0,3,benchmark/results/v2/t160-retest-20261003/quality/runs/t160-quality-20261002T182955Z-75789e35-09-IMP-IMAGE-r3/result.json
t160-quality-20261002T182955Z-75789e35-09-IMP-IMAGE-r3,IMP-IMAGE,3,assisted_corrected,3,3,3,0,0,0,1,3,benchmark/results/v2/t160-retest-20261003/quality/runs/t160-quality-20261002T182955Z-75789e35-09-IMP-IMAGE-r3/result.json
t160-quality-20261002T182955Z-75789e35-09-IMP-IMAGE-r3,IMP-IMAGE,3,after_image_assistance,3,3,3,0,0,0,3,3,benchmark/results/v2/t160-retest-20261003/quality/image-assistance/t160-quality-20261002T182955Z-75789e35-09-IMP-IMAGE-r3.json
t160-quality-20261002T182955Z-75789e35-10-IMP-MIXED-r1,IMP-MIXED,1,automatic,6,6,6,0,0,0,0,6,benchmark/results/v2/t160-retest-20261003/quality/runs/t160-quality-20261002T182955Z-75789e35-10-IMP-MIXED-r1/result.json
t160-quality-20261002T182955Z-75789e35-10-IMP-MIXED-r1,IMP-MIXED,1,assisted_corrected,6,6,6,0,0,0,2,6,benchmark/results/v2/t160-retest-20261003/quality/runs/t160-quality-20261002T182955Z-75789e35-10-IMP-MIXED-r1/result.json
t160-quality-20261002T182955Z-75789e35-10-IMP-MIXED-r1,IMP-MIXED,1,after_image_assistance,6,6,6,0,0,0,6,6,benchmark/results/v2/t160-retest-20261003/quality/image-assistance/t160-quality-20261002T182955Z-75789e35-10-IMP-MIXED-r1.json
t160-quality-20261002T182955Z-75789e35-11-IMP-MIXED-r2,IMP-MIXED,2,automatic,6,6,6,0,0,0,0,6,benchmark/results/v2/t160-retest-20261003/quality/runs/t160-quality-20261002T182955Z-75789e35-11-IMP-MIXED-r2/result.json
t160-quality-20261002T182955Z-75789e35-11-IMP-MIXED-r2,IMP-MIXED,2,assisted_corrected,6,6,6,0,0,0,2,6,benchmark/results/v2/t160-retest-20261003/quality/runs/t160-quality-20261002T182955Z-75789e35-11-IMP-MIXED-r2/result.json
t160-quality-20261002T182955Z-75789e35-11-IMP-MIXED-r2,IMP-MIXED,2,after_image_assistance,6,6,6,0,0,0,6,6,benchmark/results/v2/t160-retest-20261003/quality/image-assistance/t160-quality-20261002T182955Z-75789e35-11-IMP-MIXED-r2.json
t160-quality-20261002T182955Z-75789e35-12-IMP-MIXED-r3,IMP-MIXED,3,automatic,6,6,6,0,0,0,0,6,benchmark/results/v2/t160-retest-20261003/quality/runs/t160-quality-20261002T182955Z-75789e35-12-IMP-MIXED-r3/result.json
t160-quality-20261002T182955Z-75789e35-12-IMP-MIXED-r3,IMP-MIXED,3,assisted_corrected,6,6,6,0,0,0,2,6,benchmark/results/v2/t160-retest-20261003/quality/runs/t160-quality-20261002T182955Z-75789e35-12-IMP-MIXED-r3/result.json
t160-quality-20261002T182955Z-75789e35-12-IMP-MIXED-r3,IMP-MIXED,3,after_image_assistance,6,6,6,0,0,0,6,6,benchmark/results/v2/t160-retest-20261003/quality/image-assistance/t160-quality-20261002T182955Z-75789e35-12-IMP-MIXED-r3.json
t160-quality-20261002T182955Z-75789e35-13-IMP-CROSS-r1,IMP-CROSS,1,automatic,1,1,1,0,0,0,0,2,benchmark/results/v2/t160-retest-20261003/quality/runs/t160-quality-20261002T182955Z-75789e35-13-IMP-CROSS-r1/result.json
t160-quality-20261002T182955Z-75789e35-13-IMP-CROSS-r1,IMP-CROSS,1,assisted_corrected,1,1,1,0,0,0,0,2,benchmark/results/v2/t160-retest-20261003/quality/runs/t160-quality-20261002T182955Z-75789e35-13-IMP-CROSS-r1/result.json
t160-quality-20261002T182955Z-75789e35-13-IMP-CROSS-r1,IMP-CROSS,1,after_image_assistance,1,1,1,0,0,0,1,2,benchmark/results/v2/t160-retest-20261003/quality/image-assistance/t160-quality-20261002T182955Z-75789e35-13-IMP-CROSS-r1.json
t160-quality-20261002T182955Z-75789e35-14-IMP-CROSS-r2,IMP-CROSS,2,automatic,1,1,1,0,0,0,0,2,benchmark/results/v2/t160-retest-20261003/quality/runs/t160-quality-20261002T182955Z-75789e35-14-IMP-CROSS-r2/result.json
t160-quality-20261002T182955Z-75789e35-14-IMP-CROSS-r2,IMP-CROSS,2,assisted_corrected,1,1,1,0,0,0,0,2,benchmark/results/v2/t160-retest-20261003/quality/runs/t160-quality-20261002T182955Z-75789e35-14-IMP-CROSS-r2/result.json
t160-quality-20261002T182955Z-75789e35-14-IMP-CROSS-r2,IMP-CROSS,2,after_image_assistance,1,1,1,0,0,0,1,2,benchmark/results/v2/t160-retest-20261003/quality/image-assistance/t160-quality-20261002T182955Z-75789e35-14-IMP-CROSS-r2.json
t160-quality-20261002T182955Z-75789e35-15-IMP-CROSS-r3,IMP-CROSS,3,automatic,1,1,1,0,0,0,0,2,benchmark/results/v2/t160-retest-20261003/quality/runs/t160-quality-20261002T182955Z-75789e35-15-IMP-CROSS-r3/result.json
t160-quality-20261002T182955Z-75789e35-15-IMP-CROSS-r3,IMP-CROSS,3,assisted_corrected,1,1,1,0,0,0,0,2,benchmark/results/v2/t160-retest-20261003/quality/runs/t160-quality-20261002T182955Z-75789e35-15-IMP-CROSS-r3/result.json
t160-quality-20261002T182955Z-75789e35-15-IMP-CROSS-r3,IMP-CROSS,3,after_image_assistance,1,1,1,0,0,0,1,2,benchmark/results/v2/t160-retest-20261003/quality/image-assistance/t160-quality-20261002T182955Z-75789e35-15-IMP-CROSS-r3.json
