metric,numerator,denominator,value,stage,layer,stratum,field,planned_fields,unknown_excluded
strict_question_number_reference_match,48,48,1.0,automatic,all,all,question_number,48,0
strict_question_number_reference_match,21,21,1.0,automatic,modality,native_text,question_number,21,0
strict_question_number_reference_match,9,9,1.0,automatic,case,IMP-TEXT,question_number,9,0
strict_question_number_reference_match,48,48,1.0,automatic,reference_state,source_provided,question_number,48,0
strict_order_index_reference_match,45,48,0.9375,automatic,all,all,order_index,48,0
strict_order_index_reference_match,21,21,1.0,automatic,modality,native_text,order_index,21,0
strict_order_index_reference_match,9,9,1.0,automatic,case,IMP-TEXT,order_index,9,0
strict_order_index_reference_match,45,48,0.9375,automatic,reference_state,source_provided,order_index,48,0
strict_source_page_numbers_reference_match,48,48,1.0,automatic,all,all,source_page_numbers,48,0
strict_source_page_numbers_reference_match,21,21,1.0,automatic,modality,native_text,source_page_numbers,21,0
strict_source_page_numbers_reference_match,9,9,1.0,automatic,case,IMP-TEXT,source_page_numbers,9,0
strict_source_page_numbers_reference_match,48,48,1.0,automatic,reference_state,source_provided,source_page_numbers,48,0
strict_question_type_reference_match,45,45,1.0,automatic,all,all,question_type,48,3
strict_question_type_reference_match,18,18,1.0,automatic,modality,native_text,question_type,21,3
strict_question_type_reference_match,9,9,1.0,automatic,case,IMP-TEXT,question_type,9,0
strict_question_type_reference_match,45,45,1.0,automatic,reference_state,source_provided,question_type,45,0
strict_content_reference_match,6,48,0.125,automatic,all,all,content,48,0
strict_content_reference_match,6,21,0.2857142857142857,automatic,modality,native_text,content,21,0
strict_content_reference_match,3,9,0.3333333333333333,automatic,case,IMP-TEXT,content,9,0
strict_content_reference_match,6,48,0.125,automatic,reference_state,source_provided,content,48,0
strict_options_reference_match,45,48,0.9375,automatic,all,all,options,48,0
strict_options_reference_match,20,21,0.9523809523809523,automatic,modality,native_text,options,21,0
strict_options_reference_match,9,9,1.0,automatic,case,IMP-TEXT,options,9,0
strict_options_reference_match,27,30,0.9,automatic,reference_state,source_provided,options,30,0
strict_reference_answer_reference_match,48,48,1.0,automatic,all,all,reference_answer,48,0
strict_reference_answer_reference_match,21,21,1.0,automatic,modality,native_text,reference_answer,21,0
strict_reference_answer_reference_match,9,9,1.0,automatic,case,IMP-TEXT,reference_answer,9,0
strict_reference_answer_reference_match,15,15,1.0,automatic,reference_state,source_provided,reference_answer,15,0
strict_analysis_reference_match,39,48,0.8125,automatic,all,all,analysis,48,0
strict_analysis_reference_match,21,21,1.0,automatic,modality,native_text,analysis,21,0
strict_analysis_reference_match,9,9,1.0,automatic,case,IMP-TEXT,analysis,9,0
strict_analysis_reference_match,6,15,0.4,automatic,reference_state,source_provided,analysis,15,0
strict_score_reference_match,48,48,1.0,automatic,all,all,score,48,0
strict_score_reference_match,21,21,1.0,automatic,modality,native_text,score,21,0
strict_score_reference_match,9,9,1.0,automatic,case,IMP-TEXT,score,9,0
strict_score_reference_match,48,48,1.0,automatic,reference_state,source_provided,score,48,0
strict_scoring_rubric_reference_match,38,48,0.7916666666666666,automatic,all,all,scoring_rubric,48,0
strict_scoring_rubric_reference_match,20,21,0.9523809523809523,automatic,modality,native_text,scoring_rubric,21,0
strict_scoring_rubric_reference_match,9,9,1.0,automatic,case,IMP-TEXT,scoring_rubric,9,0
strict_scoring_rubric_reference_match,30,30,1.0,automatic,reference_state,known_missing,scoring_rubric,30,0
strict_knowledge_points_reference_match,15,48,0.3125,automatic,all,all,knowledge_points,48,0
strict_knowledge_points_reference_match,6,21,0.2857142857142857,automatic,modality,native_text,knowledge_points,21,0
strict_knowledge_points_reference_match,3,9,0.3333333333333333,automatic,case,IMP-TEXT,knowledge_points,9,0
strict_knowledge_points_reference_match,0,33,0.0,automatic,reference_state,known_missing,knowledge_points,33,0
strict_source_regions_reference_match,0,0,,automatic,all,all,source_regions,48,48
strict_source_regions_reference_match,0,0,,automatic,modality,native_text,source_regions,21,21
strict_source_regions_reference_match,0,0,,automatic,case,IMP-TEXT,source_regions,9,9
strict_source_regions_reference_match,0,0,,automatic,reference_state,unknown,source_regions,48,48
strict_assets_reference_match,0,48,0.0,automatic,all,all,assets,48,0
strict_assets_reference_match,0,21,0.0,automatic,modality,native_text,assets,21,0
strict_assets_reference_match,0,9,0.0,automatic,case,IMP-TEXT,assets,9,0
strict_assets_reference_match,0,48,0.0,automatic,reference_state,source_provided,assets,48,0
strict_reference_answer_reference_match,33,33,1.0,automatic,reference_state,known_missing,reference_answer,33,0
strict_analysis_reference_match,33,33,1.0,automatic,reference_state,known_missing,analysis,33,0
strict_options_reference_match,18,18,1.0,automatic,reference_state,not_applicable,options,18,0
strict_scoring_rubric_reference_match,8,18,0.4444444444444444,automatic,reference_state,source_provided,scoring_rubric,18,0
strict_knowledge_points_reference_match,15,15,1.0,automatic,reference_state,source_provided,knowledge_points,15,0
strict_question_number_reference_match,48,48,1.0,assisted_corrected,all,all,question_number,48,0
strict_question_number_reference_match,21,21,1.0,assisted_corrected,modality,native_text,question_number,21,0
strict_question_number_reference_match,9,9,1.0,assisted_corrected,case,IMP-TEXT,question_number,9,0
strict_question_number_reference_match,48,48,1.0,assisted_corrected,reference_state,source_provided,question_number,48,0
strict_order_index_reference_match,48,48,1.0,assisted_corrected,all,all,order_index,48,0
strict_order_index_reference_match,21,21,1.0,assisted_corrected,modality,native_text,order_index,21,0
strict_order_index_reference_match,9,9,1.0,assisted_corrected,case,IMP-TEXT,order_index,9,0
strict_order_index_reference_match,48,48,1.0,assisted_corrected,reference_state,source_provided,order_index,48,0
strict_source_page_numbers_reference_match,48,48,1.0,assisted_corrected,all,all,source_page_numbers,48,0
strict_source_page_numbers_reference_match,21,21,1.0,assisted_corrected,modality,native_text,source_page_numbers,21,0
strict_source_page_numbers_reference_match,9,9,1.0,assisted_corrected,case,IMP-TEXT,source_page_numbers,9,0
strict_source_page_numbers_reference_match,48,48,1.0,assisted_corrected,reference_state,source_provided,source_page_numbers,48,0
strict_question_type_reference_match,45,45,1.0,assisted_corrected,all,all,question_type,48,3
strict_question_type_reference_match,18,18,1.0,assisted_corrected,modality,native_text,question_type,21,3
strict_question_type_reference_match,9,9,1.0,assisted_corrected,case,IMP-TEXT,question_type,9,0
strict_question_type_reference_match,45,45,1.0,assisted_corrected,reference_state,source_provided,question_type,45,0
strict_content_reference_match,48,48,1.0,assisted_corrected,all,all,content,48,0
strict_content_reference_match,21,21,1.0,assisted_corrected,modality,native_text,content,21,0
strict_content_reference_match,9,9,1.0,assisted_corrected,case,IMP-TEXT,content,9,0
strict_content_reference_match,48,48,1.0,assisted_corrected,reference_state,source_provided,content,48,0
strict_options_reference_match,48,48,1.0,assisted_corrected,all,all,options,48,0
strict_options_reference_match,21,21,1.0,assisted_corrected,modality,native_text,options,21,0
strict_options_reference_match,9,9,1.0,assisted_corrected,case,IMP-TEXT,options,9,0
strict_options_reference_match,30,30,1.0,assisted_corrected,reference_state,source_provided,options,30,0
strict_reference_answer_reference_match,48,48,1.0,assisted_corrected,all,all,reference_answer,48,0
strict_reference_answer_reference_match,21,21,1.0,assisted_corrected,modality,native_text,reference_answer,21,0
strict_reference_answer_reference_match,9,9,1.0,assisted_corrected,case,IMP-TEXT,reference_answer,9,0
strict_reference_answer_reference_match,15,15,1.0,assisted_corrected,reference_state,source_provided,reference_answer,15,0
strict_analysis_reference_match,48,48,1.0,assisted_corrected,all,all,analysis,48,0
strict_analysis_reference_match,21,21,1.0,assisted_corrected,modality,native_text,analysis,21,0
strict_analysis_reference_match,9,9,1.0,assisted_corrected,case,IMP-TEXT,analysis,9,0
strict_analysis_reference_match,15,15,1.0,assisted_corrected,reference_state,source_provided,analysis,15,0
strict_score_reference_match,48,48,1.0,assisted_corrected,all,all,score,48,0
strict_score_reference_match,21,21,1.0,assisted_corrected,modality,native_text,score,21,0
strict_score_reference_match,9,9,1.0,assisted_corrected,case,IMP-TEXT,score,9,0
strict_score_reference_match,48,48,1.0,assisted_corrected,reference_state,source_provided,score,48,0
strict_scoring_rubric_reference_match,48,48,1.0,assisted_corrected,all,all,scoring_rubric,48,0
strict_scoring_rubric_reference_match,21,21,1.0,assisted_corrected,modality,native_text,scoring_rubric,21,0
strict_scoring_rubric_reference_match,9,9,1.0,assisted_corrected,case,IMP-TEXT,scoring_rubric,9,0
strict_scoring_rubric_reference_match,30,30,1.0,assisted_corrected,reference_state,known_missing,scoring_rubric,30,0
strict_knowledge_points_reference_match,48,48,1.0,assisted_corrected,all,all,knowledge_points,48,0
strict_knowledge_points_reference_match,21,21,1.0,assisted_corrected,modality,native_text,knowledge_points,21,0
strict_knowledge_points_reference_match,9,9,1.0,assisted_corrected,case,IMP-TEXT,knowledge_points,9,0
strict_knowledge_points_reference_match,33,33,1.0,assisted_corrected,reference_state,known_missing,knowledge_points,33,0
strict_source_regions_reference_match,0,0,,assisted_corrected,all,all,source_regions,48,48
strict_source_regions_reference_match,0,0,,assisted_corrected,modality,native_text,source_regions,21,21
strict_source_regions_reference_match,0,0,,assisted_corrected,case,IMP-TEXT,source_regions,9,9
strict_source_regions_reference_match,0,0,,assisted_corrected,reference_state,unknown,source_regions,48,48
strict_assets_reference_match,15,48,0.3125,assisted_corrected,all,all,assets,48,0
strict_assets_reference_match,6,21,0.2857142857142857,assisted_corrected,modality,native_text,assets,21,0
strict_assets_reference_match,3,9,0.3333333333333333,assisted_corrected,case,IMP-TEXT,assets,9,0
strict_assets_reference_match,15,48,0.3125,assisted_corrected,reference_state,source_provided,assets,48,0
strict_reference_answer_reference_match,33,33,1.0,assisted_corrected,reference_state,known_missing,reference_answer,33,0
strict_analysis_reference_match,33,33,1.0,assisted_corrected,reference_state,known_missing,analysis,33,0
strict_options_reference_match,18,18,1.0,assisted_corrected,reference_state,not_applicable,options,18,0
strict_scoring_rubric_reference_match,18,18,1.0,assisted_corrected,reference_state,source_provided,scoring_rubric,18,0
strict_knowledge_points_reference_match,15,15,1.0,assisted_corrected,reference_state,source_provided,knowledge_points,15,0
strict_question_number_reference_match,27,27,1.0,automatic,modality,ocr_required,question_number,27,0
strict_question_number_reference_match,9,9,1.0,automatic,case,IMP-SCAN,question_number,9,0
strict_order_index_reference_match,24,27,0.8888888888888888,automatic,modality,ocr_required,order_index,27,0
strict_order_index_reference_match,6,9,0.6666666666666666,automatic,case,IMP-SCAN,order_index,9,0
strict_source_page_numbers_reference_match,27,27,1.0,automatic,modality,ocr_required,source_page_numbers,27,0
strict_source_page_numbers_reference_match,9,9,1.0,automatic,case,IMP-SCAN,source_page_numbers,9,0
strict_question_type_reference_match,27,27,1.0,automatic,modality,ocr_required,question_type,27,0
strict_question_type_reference_match,9,9,1.0,automatic,case,IMP-SCAN,question_type,9,0
strict_content_reference_match,0,27,0.0,automatic,modality,ocr_required,content,27,0
strict_content_reference_match,0,9,0.0,automatic,case,IMP-SCAN,content,9,0
strict_options_reference_match,25,27,0.9259259259259259,automatic,modality,ocr_required,options,27,0
strict_options_reference_match,8,9,0.8888888888888888,automatic,case,IMP-SCAN,options,9,0
strict_reference_answer_reference_match,27,27,1.0,automatic,modality,ocr_required,reference_answer,27,0
strict_reference_answer_reference_match,9,9,1.0,automatic,case,IMP-SCAN,reference_answer,9,0
strict_analysis_reference_match,18,27,0.6666666666666666,automatic,modality,ocr_required,analysis,27,0
strict_analysis_reference_match,6,9,0.6666666666666666,automatic,case,IMP-SCAN,analysis,9,0
strict_score_reference_match,27,27,1.0,automatic,modality,ocr_required,score,27,0
strict_score_reference_match,9,9,1.0,automatic,case,IMP-SCAN,score,9,0
strict_scoring_rubric_reference_match,18,27,0.6666666666666666,automatic,modality,ocr_required,scoring_rubric,27,0
strict_scoring_rubric_reference_match,6,9,0.6666666666666666,automatic,case,IMP-SCAN,scoring_rubric,9,0
strict_knowledge_points_reference_match,9,27,0.3333333333333333,automatic,modality,ocr_required,knowledge_points,27,0
strict_knowledge_points_reference_match,3,9,0.3333333333333333,automatic,case,IMP-SCAN,knowledge_points,9,0
strict_source_regions_reference_match,0,0,,automatic,modality,ocr_required,source_regions,27,27
strict_source_regions_reference_match,0,0,,automatic,case,IMP-SCAN,source_regions,9,9
strict_assets_reference_match,0,27,0.0,automatic,modality,ocr_required,assets,27,0
strict_assets_reference_match,0,9,0.0,automatic,case,IMP-SCAN,assets,9,0
strict_question_number_reference_match,27,27,1.0,assisted_corrected,modality,ocr_required,question_number,27,0
strict_question_number_reference_match,9,9,1.0,assisted_corrected,case,IMP-SCAN,question_number,9,0
strict_order_index_reference_match,27,27,1.0,assisted_corrected,modality,ocr_required,order_index,27,0
strict_order_index_reference_match,9,9,1.0,assisted_corrected,case,IMP-SCAN,order_index,9,0
strict_source_page_numbers_reference_match,27,27,1.0,assisted_corrected,modality,ocr_required,source_page_numbers,27,0
strict_source_page_numbers_reference_match,9,9,1.0,assisted_corrected,case,IMP-SCAN,source_page_numbers,9,0
strict_question_type_reference_match,27,27,1.0,assisted_corrected,modality,ocr_required,question_type,27,0
strict_question_type_reference_match,9,9,1.0,assisted_corrected,case,IMP-SCAN,question_type,9,0
strict_content_reference_match,27,27,1.0,assisted_corrected,modality,ocr_required,content,27,0
strict_content_reference_match,9,9,1.0,assisted_corrected,case,IMP-SCAN,content,9,0
strict_options_reference_match,27,27,1.0,assisted_corrected,modality,ocr_required,options,27,0
strict_options_reference_match,9,9,1.0,assisted_corrected,case,IMP-SCAN,options,9,0
strict_reference_answer_reference_match,27,27,1.0,assisted_corrected,modality,ocr_required,reference_answer,27,0
strict_reference_answer_reference_match,9,9,1.0,assisted_corrected,case,IMP-SCAN,reference_answer,9,0
strict_analysis_reference_match,27,27,1.0,assisted_corrected,modality,ocr_required,analysis,27,0
strict_analysis_reference_match,9,9,1.0,assisted_corrected,case,IMP-SCAN,analysis,9,0
strict_score_reference_match,27,27,1.0,assisted_corrected,modality,ocr_required,score,27,0
strict_score_reference_match,9,9,1.0,assisted_corrected,case,IMP-SCAN,score,9,0
strict_scoring_rubric_reference_match,27,27,1.0,assisted_corrected,modality,ocr_required,scoring_rubric,27,0
strict_scoring_rubric_reference_match,9,9,1.0,assisted_corrected,case,IMP-SCAN,scoring_rubric,9,0
strict_knowledge_points_reference_match,27,27,1.0,assisted_corrected,modality,ocr_required,knowledge_points,27,0
strict_knowledge_points_reference_match,9,9,1.0,assisted_corrected,case,IMP-SCAN,knowledge_points,9,0
strict_source_regions_reference_match,0,0,,assisted_corrected,modality,ocr_required,source_regions,27,27
strict_source_regions_reference_match,0,0,,assisted_corrected,case,IMP-SCAN,source_regions,9,9
strict_assets_reference_match,9,27,0.3333333333333333,assisted_corrected,modality,ocr_required,assets,27,0
strict_assets_reference_match,3,9,0.3333333333333333,assisted_corrected,case,IMP-SCAN,assets,9,0
strict_question_number_reference_match,9,9,1.0,automatic,case,IMP-IMAGE,question_number,9,0
strict_order_index_reference_match,9,9,1.0,automatic,case,IMP-IMAGE,order_index,9,0
strict_source_page_numbers_reference_match,9,9,1.0,automatic,case,IMP-IMAGE,source_page_numbers,9,0
strict_question_type_reference_match,9,9,1.0,automatic,case,IMP-IMAGE,question_type,9,0
strict_content_reference_match,0,9,0.0,automatic,case,IMP-IMAGE,content,9,0
strict_options_reference_match,9,9,1.0,automatic,case,IMP-IMAGE,options,9,0
strict_reference_answer_reference_match,9,9,1.0,automatic,case,IMP-IMAGE,reference_answer,9,0
strict_analysis_reference_match,6,9,0.6666666666666666,automatic,case,IMP-IMAGE,analysis,9,0
strict_score_reference_match,9,9,1.0,automatic,case,IMP-IMAGE,score,9,0
strict_scoring_rubric_reference_match,6,9,0.6666666666666666,automatic,case,IMP-IMAGE,scoring_rubric,9,0
strict_knowledge_points_reference_match,3,9,0.3333333333333333,automatic,case,IMP-IMAGE,knowledge_points,9,0
strict_source_regions_reference_match,0,0,,automatic,case,IMP-IMAGE,source_regions,9,9
strict_assets_reference_match,0,9,0.0,automatic,case,IMP-IMAGE,assets,9,0
strict_question_number_reference_match,9,9,1.0,assisted_corrected,case,IMP-IMAGE,question_number,9,0
strict_order_index_reference_match,9,9,1.0,assisted_corrected,case,IMP-IMAGE,order_index,9,0
strict_source_page_numbers_reference_match,9,9,1.0,assisted_corrected,case,IMP-IMAGE,source_page_numbers,9,0
strict_question_type_reference_match,9,9,1.0,assisted_corrected,case,IMP-IMAGE,question_type,9,0
strict_content_reference_match,9,9,1.0,assisted_corrected,case,IMP-IMAGE,content,9,0
strict_options_reference_match,9,9,1.0,assisted_corrected,case,IMP-IMAGE,options,9,0
strict_reference_answer_reference_match,9,9,1.0,assisted_corrected,case,IMP-IMAGE,reference_answer,9,0
strict_analysis_reference_match,9,9,1.0,assisted_corrected,case,IMP-IMAGE,analysis,9,0
strict_score_reference_match,9,9,1.0,assisted_corrected,case,IMP-IMAGE,score,9,0
strict_scoring_rubric_reference_match,9,9,1.0,assisted_corrected,case,IMP-IMAGE,scoring_rubric,9,0
strict_knowledge_points_reference_match,9,9,1.0,assisted_corrected,case,IMP-IMAGE,knowledge_points,9,0
strict_source_regions_reference_match,0,0,,assisted_corrected,case,IMP-IMAGE,source_regions,9,9
strict_assets_reference_match,3,9,0.3333333333333333,assisted_corrected,case,IMP-IMAGE,assets,9,0
strict_question_number_reference_match,18,18,1.0,automatic,case,IMP-MIXED,question_number,18,0
strict_order_index_reference_match,18,18,1.0,automatic,case,IMP-MIXED,order_index,18,0
strict_source_page_numbers_reference_match,18,18,1.0,automatic,case,IMP-MIXED,source_page_numbers,18,0
strict_question_type_reference_match,18,18,1.0,automatic,case,IMP-MIXED,question_type,18,0
strict_content_reference_match,3,18,0.16666666666666666,automatic,case,IMP-MIXED,content,18,0
strict_options_reference_match,16,18,0.8888888888888888,automatic,case,IMP-MIXED,options,18,0
strict_reference_answer_reference_match,18,18,1.0,automatic,case,IMP-MIXED,reference_answer,18,0
strict_analysis_reference_match,15,18,0.8333333333333334,automatic,case,IMP-MIXED,analysis,18,0
strict_score_reference_match,18,18,1.0,automatic,case,IMP-MIXED,score,18,0
strict_scoring_rubric_reference_match,14,18,0.7777777777777778,automatic,case,IMP-MIXED,scoring_rubric,18,0
strict_knowledge_points_reference_match,6,18,0.3333333333333333,automatic,case,IMP-MIXED,knowledge_points,18,0
strict_source_regions_reference_match,0,0,,automatic,case,IMP-MIXED,source_regions,18,18
strict_assets_reference_match,0,18,0.0,automatic,case,IMP-MIXED,assets,18,0
strict_question_number_reference_match,18,18,1.0,assisted_corrected,case,IMP-MIXED,question_number,18,0
strict_order_index_reference_match,18,18,1.0,assisted_corrected,case,IMP-MIXED,order_index,18,0
strict_source_page_numbers_reference_match,18,18,1.0,assisted_corrected,case,IMP-MIXED,source_page_numbers,18,0
strict_question_type_reference_match,18,18,1.0,assisted_corrected,case,IMP-MIXED,question_type,18,0
strict_content_reference_match,18,18,1.0,assisted_corrected,case,IMP-MIXED,content,18,0
strict_options_reference_match,18,18,1.0,assisted_corrected,case,IMP-MIXED,options,18,0
strict_reference_answer_reference_match,18,18,1.0,assisted_corrected,case,IMP-MIXED,reference_answer,18,0
strict_analysis_reference_match,18,18,1.0,assisted_corrected,case,IMP-MIXED,analysis,18,0
strict_score_reference_match,18,18,1.0,assisted_corrected,case,IMP-MIXED,score,18,0
strict_scoring_rubric_reference_match,18,18,1.0,assisted_corrected,case,IMP-MIXED,scoring_rubric,18,0
strict_knowledge_points_reference_match,18,18,1.0,assisted_corrected,case,IMP-MIXED,knowledge_points,18,0
strict_source_regions_reference_match,0,0,,assisted_corrected,case,IMP-MIXED,source_regions,18,18
strict_assets_reference_match,6,18,0.3333333333333333,assisted_corrected,case,IMP-MIXED,assets,18,0
strict_question_number_reference_match,3,3,1.0,automatic,case,IMP-CROSS,question_number,3,0
strict_order_index_reference_match,3,3,1.0,automatic,case,IMP-CROSS,order_index,3,0
strict_source_page_numbers_reference_match,3,3,1.0,automatic,case,IMP-CROSS,source_page_numbers,3,0
strict_question_type_reference_match,0,0,,automatic,case,IMP-CROSS,question_type,3,3
strict_question_type_reference_match,0,0,,automatic,reference_state,unknown,question_type,3,3
strict_content_reference_match,0,3,0.0,automatic,case,IMP-CROSS,content,3,0
strict_options_reference_match,3,3,1.0,automatic,case,IMP-CROSS,options,3,0
strict_reference_answer_reference_match,3,3,1.0,automatic,case,IMP-CROSS,reference_answer,3,0
strict_analysis_reference_match,3,3,1.0,automatic,case,IMP-CROSS,analysis,3,0
strict_score_reference_match,3,3,1.0,automatic,case,IMP-CROSS,score,3,0
strict_scoring_rubric_reference_match,3,3,1.0,automatic,case,IMP-CROSS,scoring_rubric,3,0
strict_knowledge_points_reference_match,0,3,0.0,automatic,case,IMP-CROSS,knowledge_points,3,0
strict_source_regions_reference_match,0,0,,automatic,case,IMP-CROSS,source_regions,3,3
strict_assets_reference_match,0,3,0.0,automatic,case,IMP-CROSS,assets,3,0
strict_question_number_reference_match,3,3,1.0,assisted_corrected,case,IMP-CROSS,question_number,3,0
strict_order_index_reference_match,3,3,1.0,assisted_corrected,case,IMP-CROSS,order_index,3,0
strict_source_page_numbers_reference_match,3,3,1.0,assisted_corrected,case,IMP-CROSS,source_page_numbers,3,0
strict_question_type_reference_match,0,0,,assisted_corrected,case,IMP-CROSS,question_type,3,3
strict_question_type_reference_match,0,0,,assisted_corrected,reference_state,unknown,question_type,3,3
strict_content_reference_match,3,3,1.0,assisted_corrected,case,IMP-CROSS,content,3,0
strict_options_reference_match,3,3,1.0,assisted_corrected,case,IMP-CROSS,options,3,0
strict_reference_answer_reference_match,3,3,1.0,assisted_corrected,case,IMP-CROSS,reference_answer,3,0
strict_analysis_reference_match,3,3,1.0,assisted_corrected,case,IMP-CROSS,analysis,3,0
strict_score_reference_match,3,3,1.0,assisted_corrected,case,IMP-CROSS,score,3,0
strict_scoring_rubric_reference_match,3,3,1.0,assisted_corrected,case,IMP-CROSS,scoring_rubric,3,0
strict_knowledge_points_reference_match,3,3,1.0,assisted_corrected,case,IMP-CROSS,knowledge_points,3,0
strict_source_regions_reference_match,0,0,,assisted_corrected,case,IMP-CROSS,source_regions,3,3
strict_assets_reference_match,0,3,0.0,assisted_corrected,case,IMP-CROSS,assets,3,0
strict_question_number_reference_match,48,48,1.0,after_image_assistance,all,all,question_number,48,0
strict_question_number_reference_match,21,21,1.0,after_image_assistance,modality,native_text,question_number,21,0
strict_question_number_reference_match,9,9,1.0,after_image_assistance,case,IMP-TEXT,question_number,9,0
strict_question_number_reference_match,48,48,1.0,after_image_assistance,reference_state,source_provided,question_number,48,0
strict_order_index_reference_match,48,48,1.0,after_image_assistance,all,all,order_index,48,0
strict_order_index_reference_match,21,21,1.0,after_image_assistance,modality,native_text,order_index,21,0
strict_order_index_reference_match,9,9,1.0,after_image_assistance,case,IMP-TEXT,order_index,9,0
strict_order_index_reference_match,48,48,1.0,after_image_assistance,reference_state,source_provided,order_index,48,0
strict_source_page_numbers_reference_match,48,48,1.0,after_image_assistance,all,all,source_page_numbers,48,0
strict_source_page_numbers_reference_match,21,21,1.0,after_image_assistance,modality,native_text,source_page_numbers,21,0
strict_source_page_numbers_reference_match,9,9,1.0,after_image_assistance,case,IMP-TEXT,source_page_numbers,9,0
strict_source_page_numbers_reference_match,48,48,1.0,after_image_assistance,reference_state,source_provided,source_page_numbers,48,0
strict_question_type_reference_match,45,45,1.0,after_image_assistance,all,all,question_type,48,3
strict_question_type_reference_match,18,18,1.0,after_image_assistance,modality,native_text,question_type,21,3
strict_question_type_reference_match,9,9,1.0,after_image_assistance,case,IMP-TEXT,question_type,9,0
strict_question_type_reference_match,45,45,1.0,after_image_assistance,reference_state,source_provided,question_type,45,0
strict_content_reference_match,48,48,1.0,after_image_assistance,all,all,content,48,0
strict_content_reference_match,21,21,1.0,after_image_assistance,modality,native_text,content,21,0
strict_content_reference_match,9,9,1.0,after_image_assistance,case,IMP-TEXT,content,9,0
strict_content_reference_match,48,48,1.0,after_image_assistance,reference_state,source_provided,content,48,0
strict_options_reference_match,48,48,1.0,after_image_assistance,all,all,options,48,0
strict_options_reference_match,21,21,1.0,after_image_assistance,modality,native_text,options,21,0
strict_options_reference_match,9,9,1.0,after_image_assistance,case,IMP-TEXT,options,9,0
strict_options_reference_match,30,30,1.0,after_image_assistance,reference_state,source_provided,options,30,0
strict_reference_answer_reference_match,48,48,1.0,after_image_assistance,all,all,reference_answer,48,0
strict_reference_answer_reference_match,21,21,1.0,after_image_assistance,modality,native_text,reference_answer,21,0
strict_reference_answer_reference_match,9,9,1.0,after_image_assistance,case,IMP-TEXT,reference_answer,9,0
strict_reference_answer_reference_match,15,15,1.0,after_image_assistance,reference_state,source_provided,reference_answer,15,0
strict_analysis_reference_match,48,48,1.0,after_image_assistance,all,all,analysis,48,0
strict_analysis_reference_match,21,21,1.0,after_image_assistance,modality,native_text,analysis,21,0
strict_analysis_reference_match,9,9,1.0,after_image_assistance,case,IMP-TEXT,analysis,9,0
strict_analysis_reference_match,15,15,1.0,after_image_assistance,reference_state,source_provided,analysis,15,0
strict_score_reference_match,48,48,1.0,after_image_assistance,all,all,score,48,0
strict_score_reference_match,21,21,1.0,after_image_assistance,modality,native_text,score,21,0
strict_score_reference_match,9,9,1.0,after_image_assistance,case,IMP-TEXT,score,9,0
strict_score_reference_match,48,48,1.0,after_image_assistance,reference_state,source_provided,score,48,0
strict_scoring_rubric_reference_match,48,48,1.0,after_image_assistance,all,all,scoring_rubric,48,0
strict_scoring_rubric_reference_match,21,21,1.0,after_image_assistance,modality,native_text,scoring_rubric,21,0
strict_scoring_rubric_reference_match,9,9,1.0,after_image_assistance,case,IMP-TEXT,scoring_rubric,9,0
strict_scoring_rubric_reference_match,30,30,1.0,after_image_assistance,reference_state,known_missing,scoring_rubric,30,0
strict_knowledge_points_reference_match,48,48,1.0,after_image_assistance,all,all,knowledge_points,48,0
strict_knowledge_points_reference_match,21,21,1.0,after_image_assistance,modality,native_text,knowledge_points,21,0
strict_knowledge_points_reference_match,9,9,1.0,after_image_assistance,case,IMP-TEXT,knowledge_points,9,0
strict_knowledge_points_reference_match,33,33,1.0,after_image_assistance,reference_state,known_missing,knowledge_points,33,0
strict_source_regions_reference_match,0,0,,after_image_assistance,all,all,source_regions,48,48
strict_source_regions_reference_match,0,0,,after_image_assistance,modality,native_text,source_regions,21,21
strict_source_regions_reference_match,0,0,,after_image_assistance,case,IMP-TEXT,source_regions,9,9
strict_source_regions_reference_match,0,0,,after_image_assistance,reference_state,unknown,source_regions,48,48
strict_assets_reference_match,48,48,1.0,after_image_assistance,all,all,assets,48,0
strict_assets_reference_match,21,21,1.0,after_image_assistance,modality,native_text,assets,21,0
strict_assets_reference_match,9,9,1.0,after_image_assistance,case,IMP-TEXT,assets,9,0
strict_assets_reference_match,48,48,1.0,after_image_assistance,reference_state,source_provided,assets,48,0
strict_reference_answer_reference_match,33,33,1.0,after_image_assistance,reference_state,known_missing,reference_answer,33,0
strict_analysis_reference_match,33,33,1.0,after_image_assistance,reference_state,known_missing,analysis,33,0
strict_options_reference_match,18,18,1.0,after_image_assistance,reference_state,not_applicable,options,18,0
strict_scoring_rubric_reference_match,18,18,1.0,after_image_assistance,reference_state,source_provided,scoring_rubric,18,0
strict_knowledge_points_reference_match,15,15,1.0,after_image_assistance,reference_state,source_provided,knowledge_points,15,0
strict_question_number_reference_match,27,27,1.0,after_image_assistance,modality,ocr_required,question_number,27,0
strict_question_number_reference_match,9,9,1.0,after_image_assistance,case,IMP-SCAN,question_number,9,0
strict_order_index_reference_match,27,27,1.0,after_image_assistance,modality,ocr_required,order_index,27,0
strict_order_index_reference_match,9,9,1.0,after_image_assistance,case,IMP-SCAN,order_index,9,0
strict_source_page_numbers_reference_match,27,27,1.0,after_image_assistance,modality,ocr_required,source_page_numbers,27,0
strict_source_page_numbers_reference_match,9,9,1.0,after_image_assistance,case,IMP-SCAN,source_page_numbers,9,0
strict_question_type_reference_match,27,27,1.0,after_image_assistance,modality,ocr_required,question_type,27,0
strict_question_type_reference_match,9,9,1.0,after_image_assistance,case,IMP-SCAN,question_type,9,0
strict_content_reference_match,27,27,1.0,after_image_assistance,modality,ocr_required,content,27,0
strict_content_reference_match,9,9,1.0,after_image_assistance,case,IMP-SCAN,content,9,0
strict_options_reference_match,27,27,1.0,after_image_assistance,modality,ocr_required,options,27,0
strict_options_reference_match,9,9,1.0,after_image_assistance,case,IMP-SCAN,options,9,0
strict_reference_answer_reference_match,27,27,1.0,after_image_assistance,modality,ocr_required,reference_answer,27,0
strict_reference_answer_reference_match,9,9,1.0,after_image_assistance,case,IMP-SCAN,reference_answer,9,0
strict_analysis_reference_match,27,27,1.0,after_image_assistance,modality,ocr_required,analysis,27,0
strict_analysis_reference_match,9,9,1.0,after_image_assistance,case,IMP-SCAN,analysis,9,0
strict_score_reference_match,27,27,1.0,after_image_assistance,modality,ocr_required,score,27,0
strict_score_reference_match,9,9,1.0,after_image_assistance,case,IMP-SCAN,score,9,0
strict_scoring_rubric_reference_match,27,27,1.0,after_image_assistance,modality,ocr_required,scoring_rubric,27,0
strict_scoring_rubric_reference_match,9,9,1.0,after_image_assistance,case,IMP-SCAN,scoring_rubric,9,0
strict_knowledge_points_reference_match,27,27,1.0,after_image_assistance,modality,ocr_required,knowledge_points,27,0
strict_knowledge_points_reference_match,9,9,1.0,after_image_assistance,case,IMP-SCAN,knowledge_points,9,0
strict_source_regions_reference_match,0,0,,after_image_assistance,modality,ocr_required,source_regions,27,27
strict_source_regions_reference_match,0,0,,after_image_assistance,case,IMP-SCAN,source_regions,9,9
strict_assets_reference_match,27,27,1.0,after_image_assistance,modality,ocr_required,assets,27,0
strict_assets_reference_match,9,9,1.0,after_image_assistance,case,IMP-SCAN,assets,9,0
strict_question_number_reference_match,9,9,1.0,after_image_assistance,case,IMP-IMAGE,question_number,9,0
strict_order_index_reference_match,9,9,1.0,after_image_assistance,case,IMP-IMAGE,order_index,9,0
strict_source_page_numbers_reference_match,9,9,1.0,after_image_assistance,case,IMP-IMAGE,source_page_numbers,9,0
strict_question_type_reference_match,9,9,1.0,after_image_assistance,case,IMP-IMAGE,question_type,9,0
strict_content_reference_match,9,9,1.0,after_image_assistance,case,IMP-IMAGE,content,9,0
strict_options_reference_match,9,9,1.0,after_image_assistance,case,IMP-IMAGE,options,9,0
strict_reference_answer_reference_match,9,9,1.0,after_image_assistance,case,IMP-IMAGE,reference_answer,9,0
strict_analysis_reference_match,9,9,1.0,after_image_assistance,case,IMP-IMAGE,analysis,9,0
strict_score_reference_match,9,9,1.0,after_image_assistance,case,IMP-IMAGE,score,9,0
strict_scoring_rubric_reference_match,9,9,1.0,after_image_assistance,case,IMP-IMAGE,scoring_rubric,9,0
strict_knowledge_points_reference_match,9,9,1.0,after_image_assistance,case,IMP-IMAGE,knowledge_points,9,0
strict_source_regions_reference_match,0,0,,after_image_assistance,case,IMP-IMAGE,source_regions,9,9
strict_assets_reference_match,9,9,1.0,after_image_assistance,case,IMP-IMAGE,assets,9,0
strict_question_number_reference_match,18,18,1.0,after_image_assistance,case,IMP-MIXED,question_number,18,0
strict_order_index_reference_match,18,18,1.0,after_image_assistance,case,IMP-MIXED,order_index,18,0
strict_source_page_numbers_reference_match,18,18,1.0,after_image_assistance,case,IMP-MIXED,source_page_numbers,18,0
strict_question_type_reference_match,18,18,1.0,after_image_assistance,case,IMP-MIXED,question_type,18,0
strict_content_reference_match,18,18,1.0,after_image_assistance,case,IMP-MIXED,content,18,0
strict_options_reference_match,18,18,1.0,after_image_assistance,case,IMP-MIXED,options,18,0
strict_reference_answer_reference_match,18,18,1.0,after_image_assistance,case,IMP-MIXED,reference_answer,18,0
strict_analysis_reference_match,18,18,1.0,after_image_assistance,case,IMP-MIXED,analysis,18,0
strict_score_reference_match,18,18,1.0,after_image_assistance,case,IMP-MIXED,score,18,0
strict_scoring_rubric_reference_match,18,18,1.0,after_image_assistance,case,IMP-MIXED,scoring_rubric,18,0
strict_knowledge_points_reference_match,18,18,1.0,after_image_assistance,case,IMP-MIXED,knowledge_points,18,0
strict_source_regions_reference_match,0,0,,after_image_assistance,case,IMP-MIXED,source_regions,18,18
strict_assets_reference_match,18,18,1.0,after_image_assistance,case,IMP-MIXED,assets,18,0
strict_question_number_reference_match,3,3,1.0,after_image_assistance,case,IMP-CROSS,question_number,3,0
strict_order_index_reference_match,3,3,1.0,after_image_assistance,case,IMP-CROSS,order_index,3,0
strict_source_page_numbers_reference_match,3,3,1.0,after_image_assistance,case,IMP-CROSS,source_page_numbers,3,0
strict_question_type_reference_match,0,0,,after_image_assistance,case,IMP-CROSS,question_type,3,3
strict_question_type_reference_match,0,0,,after_image_assistance,reference_state,unknown,question_type,3,3
strict_content_reference_match,3,3,1.0,after_image_assistance,case,IMP-CROSS,content,3,0
strict_options_reference_match,3,3,1.0,after_image_assistance,case,IMP-CROSS,options,3,0
strict_reference_answer_reference_match,3,3,1.0,after_image_assistance,case,IMP-CROSS,reference_answer,3,0
strict_analysis_reference_match,3,3,1.0,after_image_assistance,case,IMP-CROSS,analysis,3,0
strict_score_reference_match,3,3,1.0,after_image_assistance,case,IMP-CROSS,score,3,0
strict_scoring_rubric_reference_match,3,3,1.0,after_image_assistance,case,IMP-CROSS,scoring_rubric,3,0
strict_knowledge_points_reference_match,3,3,1.0,after_image_assistance,case,IMP-CROSS,knowledge_points,3,0
strict_source_regions_reference_match,0,0,,after_image_assistance,case,IMP-CROSS,source_regions,3,3
strict_assets_reference_match,3,3,1.0,after_image_assistance,case,IMP-CROSS,assets,3,0
